Workbook

Sheet Dashboard
B1: EMBASSY OUTREACH | LEADERSHIP DASHBOARD
B2: ="As of "&TEXT(Settings!B2,"dd mmm yyyy")&" | "&Dash_Calc!B99&" embassies across "&Dash_Calc!B107&" regions | Source: Clean_Data ("&Dash_Calc!B95&" duplicate rows removed) | Silent threshold: "&Settings!B3&" days" -> As of 06 Oct 2026 | 84 embassies across 6 regions | Source: Clean_Data (7 duplicate rows removed) | Silent threshold: 90 days
B4: EMBASSIES TRACKED | D4: ACTIVE OUTREACH | F4: ENGAGED | H4: NOT STARTED | J4: OVERDUE FOLLOW-UPS | L4: SILENT ACTIVE | N4: HIGH ENGAGEMENT | P4: RECORDS TO REVIEW
B5: =Dash_Calc!B99 -> 84 | D5: =Dash_Calc!B100 -> 59 | F5: =Dash_Calc!B101 -> 19 | H5: =Dash_Calc!B102 -> 10 | J5: =Dash_Calc!B103 -> 30 | L5: =Dash_Calc!B104 -> 13 | N5: =Dash_Calc!B105 -> 17 | P5: =Dash_Calc!B106 -> 53
B7: ="in "&Dash_Calc!B107&" regions" -> in 6 regions | D7: =TEXT(Dash_Calc!B100/Dash_Calc!B99,"0%")&" of portfolio" -> 70% of portfolio | F7: =TEXT(Dash_Calc!B101/Dash_Calc!B100,"0%")&" of active" -> 32% of active | H7: =TEXT(Dash_Calc!B102/Dash_Calc!B99,"0%")&" of portfolio" -> 12% of portfolio | J7: =TEXT(Dash_Calc!B103/Dash_Calc!B100,"0%")&" of active" -> 51% of active | L7: ="no contact "&Settings!B3&"+ days" -> no contact 90+ days | N7: =TEXT(Dash_Calc!B105/(Dash_Calc!B99-Dash_Calc!B102),"0%")&" of started" -> 23% of started | P7: =TEXT(Dash_Calc!B106/Dash_Calc!B99,"0%")&" have data issues" -> 63% have data issues
B9: KEY TAKEAWAYS
B10: ="1. Pipeline: "&Dash_Calc!B100&" of "&Dash_Calc!B99&" embassies ("&TEXT(Dash_Calc!B100/Dash_Calc!B99,"0%")&") are in active outreach, but only "&Dash_Calc!B101&" ("&TEXT(Dash_Calc!B101/Dash_Calc!B100,"0%")&" of active) have reached Engaged status and "&Dash_Calc!B102&" have not been started." -> 1. Pipeline: 59 of 84 embassies (70%) are in active outreach, but only 19 (32% of active) have reached Engaged status and 10 have not been started.
B11: ="2. Follow-up discipline: "&Dash_Calc!B103&" active embassies are past their follow-up date ("&TEXT(Dash_Calc!B103/Dash_Calc!B100,"0%")&" of active) and "&Dash_Calc!B104&" have had no contact for "&Settings!B3&"+ days. Longest overdue: "&INDEX(Clean_Data!$B$2:$B$200,Dash_Calc!C70)&" ("&Dash_Calc!D70&" days)." -> 2. Follow-up discipline: 30 active embassies are past their follow-up date (51% of active) and 13 have had no contact for 90+ days. Longest overdue: Ethiopia (211 days).
B12: =IF(INDEX(Dash_Calc!A19:A24,MATCH(MAX(Dash_Calc!E19:E24),Dash_Calc!E19:E24,0))=INDEX(Dash_Calc!A19:A24,MATCH(MAX(Dash_Calc!G19:G24),Dash_Calc!G19:G24,0)),"3. Regions: "&INDEX(Dash_Calc!A19:A24,MATCH(MAX(Dash_Calc!E19:E24),Dash_Calc!E19:E24,0))&" has both the highest engaged rate ("&TEXT(MAX(Dash_Calc!E19:E24),"0%")&") and the highest share of overdue follow-ups ("&TEXT(MAX(Dash_Calc!G19:G24),"0%")&" of active) - its strongest relationships are the most at risk of going cold.","3. Regions: "&INDEX(Dash_Calc!A19:A24,MATCH(MAX(Dash_Calc!E19:E24),Dash_Calc!E19:E24,0))&" has the highest engaged rate ("&TEXT(MAX(Dash_Calc!E19:E24),"0%")&"); "&INDEX(Dash_Calc!A19:A24,MATCH(MAX(Dash_Calc!G19:G24),Dash_Calc!G19:G24,0))&" has the highest share of overdue follow-ups ("&TEXT(MAX(Dash_Calc!G19:G24),"0%")&" of its active embassies).") -> 3. Regions: Sub-Saharan Africa has both the highest engaged rate (40%) and the highest share of overdue follow-ups (80% of active) - its strongest relationships are the most at risk of going cold.
B13: ="4. Ownership & data: "&Dash_Calc!B84&" embassies have no owner; "&INDEX(Dash_Calc!A29:A34,MATCH(MAX(Dash_Calc!D29:D34),Dash_Calc!D29:D34,0))&" carries the most overdue follow-ups ("&MAX(Dash_Calc!D29:D34)&"). "&Dash_Calc!B93&" of "&Dash_Calc!B99&" records ("&TEXT(Dash_Calc!B93/Dash_Calc!B99,"0%")&") need data review - treat figures as indicative until confirmed." -> 4. Ownership & data: 8 embassies have no owner; Priya Nair carries the most overdue follow-ups (8). 53 of 84 records (63%) need data review - treat figures as indicative until confirmed.
B15: PIPELINE STATUS & REGIONAL SPREAD
B32: WHERE TO FOCUS: REGIONS & OWNERS
B33: Region | D33: Embassies | E33: Active | F33: Engaged | G33: Engaged % (of embassies) | H33: Overdue (active) | I33: Overdue % (of active) | J33: Silent | K33: Owner | M33: Embassies | N33: Active | O33: Overdue (active) | P33: Overdue % (of active) | Q33: Silent
B34: =Dash_Calc!A19 -> Europe | D34: =Dash_Calc!B19 -> 21 | E34: =Dash_Calc!C19 -> 14 | F34: =Dash_Calc!D19 -> 3 | G34: =Dash_Calc!E19 -> 0.14285714 | H34: =Dash_Calc!F19 -> 6 | I34: =Dash_Calc!G19 -> 0.42857143 | J34: =Dash_Calc!H19 -> 4 | K34: =Dash_Calc!A29 -> Anita Deshmukh | M34: =Dash_Calc!B29 -> 8 | N34: =Dash_Calc!C29 -> 5 | O34: =Dash_Calc!D29 -> 2 | P34: =Dash_Calc!E29 -> 0.4 | Q34: =Dash_Calc!F29 -> 1
B35: =Dash_Calc!A20 -> Asia-Pacific | D35: =Dash_Calc!B20 -> 15 | E35: =Dash_Calc!C20 -> 12 | F35: =Dash_Calc!D20 -> 3 | G35: =Dash_Calc!E20 -> 0.2 | H35: =Dash_Calc!F20 -> 7 | I35: =Dash_Calc!G20 -> 0.58333333 | J35: =Dash_Calc!H20 -> 1 | K35: =Dash_Calc!A30 -> Arjun Mehta | M35: =Dash_Calc!B30 -> 13 | N35: =Dash_Calc!C30 -> 9 | O35: =Dash_Calc!D30 -> 5 | P35: =Dash_Calc!E30 -> 0.55555556 | Q35: =Dash_Calc!F30 -> 4
B36: =Dash_Calc!A21 -> Sub-Saharan Africa | D36: =Dash_Calc!B21 -> 15 | E36: =Dash_Calc!C21 -> 10 | F36: =Dash_Calc!D21 -> 6 | G36: =Dash_Calc!E21 -> 0.4 | H36: =Dash_Calc!F21 -> 8 | I36: =Dash_Calc!G21 -> 0.8 | J36: =Dash_Calc!H21 -> 4 | K36: =Dash_Calc!A31 -> Neha Kulkarni | M36: =Dash_Calc!B31 -> 14 | N36: =Dash_Calc!C31 -> 9 | O36: =Dash_Calc!D31 -> 6 | P36: =Dash_Calc!E31 -> 0.66666667 | Q36: =Dash_Calc!F31 -> 2
B37: =Dash_Calc!A22 -> Americas | D37: =Dash_Calc!B22 -> 14 | E37: =Dash_Calc!C22 -> 11 | F37: =Dash_Calc!D22 -> 3 | G37: =Dash_Calc!E22 -> 0.21428571 | H37: =Dash_Calc!F22 -> 4 | I37: =Dash_Calc!G22 -> 0.36363636 | J37: =Dash_Calc!H22 -> 1 | K37: =Dash_Calc!A32 -> Priya Nair | M37: =Dash_Calc!B32 -> 14 | N37: =Dash_Calc!C32 -> 11 | O37: =Dash_Calc!D32 -> 8 | P37: =Dash_Calc!E32 -> 0.72727273 | Q37: =Dash_Calc!F32 -> 2
B38: =Dash_Calc!A23 -> Middle East & North Africa | D38: =Dash_Calc!B23 -> 12 | E38: =Dash_Calc!C23 -> 7 | F38: =Dash_Calc!D23 -> 3 | G38: =Dash_Calc!E23 -> 0.25 | H38: =Dash_Calc!F23 -> 1 | I38: =Dash_Calc!G23 -> 0.14285714 | J38: =Dash_Calc!H23 -> 1 | K38: =Dash_Calc!A33 -> Rahul Verma | M38: =Dash_Calc!B33 -> 13 | N38: =Dash_Calc!C33 -> 9 | O38: =Dash_Calc!D33 -> 1 | P38: =Dash_Calc!E33 -> 0.11111111 | Q38: =Dash_Calc!F33 -> 0
B39: =Dash_Calc!A24 -> South & Central Asia | D39: =Dash_Calc!B24 -> 7 | E39: =Dash_Calc!C24 -> 5 | F39: =Dash_Calc!D24 -> 1 | G39: =Dash_Calc!E24 -> 0.14285714 | H39: =Dash_Calc!F24 -> 4 | I39: =Dash_Calc!G24 -> 0.8 | J39: =Dash_Calc!H24 -> 2 | K39: =Dash_Calc!A34 -> Sameer Khan | M39: =Dash_Calc!B34 -> 14 | N39: =Dash_Calc!C34 -> 11 | O39: =Dash_Calc!D34 -> 6 | P39: =Dash_Calc!E34 -> 0.54545455 | Q39: =Dash_Calc!F34 -> 3
B40: =Dash_Calc!A25 -> Total | D40: =Dash_Calc!B25 -> 84 | E40: =Dash_Calc!C25 -> 59 | F40: =Dash_Calc!D25 -> 19 | G40: =Dash_Calc!E25 -> 0.22619048 | H40: =Dash_Calc!F25 -> 30 | I40: =Dash_Calc!G25 -> 0.50847458 | J40: =Dash_Calc!H25 -> 13 | K40: =Dash_Calc!A35 -> Unassigned | M40: =Dash_Calc!B35 -> 8 | N40: =Dash_Calc!C35 -> 5 | O40: =Dash_Calc!D35 -> 2 | P40: =Dash_Calc!E35 -> 0.4 | Q40: =Dash_Calc!F35 -> 1
K41: =Dash_Calc!A36 -> Total | M41: =Dash_Calc!B36 -> 84 | N41: =Dash_Calc!C36 -> 59 | O41: =Dash_Calc!D36 -> 30 | P41: =Dash_Calc!E36 -> 0.50847458 | Q41: =Dash_Calc!F36 -> 13
B43: ENGAGEMENT QUALITY & CHANNELS
B60: ATTENTION REQUIRED
B61: ="Overdue follow-ups - top 10 by days overdue ("&Dash_Calc!B103&" in total)" -> Overdue follow-ups - top 10 by days overdue (30 in total) | J61: ="Silent active embassies - top 10 by days since contact ("&Dash_Calc!B104&" in total)" -> Silent active embassies - top 10 by days since contact (13 in total)
B62: # | C62: Country | E62: Status | G62: Owner | I62: Days overdue | J62: # | K62: Country | M62: Status | O62: Owner | Q62: Days silent
B63: 1 | C63: =IF(Dash_Calc!C70="","",INDEX(Clean_Data!$B$2:$B$200,Dash_Calc!C70)) -> Ethiopia | E63: =IF(Dash_Calc!C70="","",INDEX(Clean_Data!$J$2:$J$200,Dash_Calc!C70)) -> Engaged | G63: =IF(Dash_Calc!C70="","",INDEX(Clean_Data!$K$2:$K$200,Dash_Calc!C70)) -> Neha Kulkarni | I63: =IF(Dash_Calc!D70="","",Dash_Calc!D70) -> 211 | J63: 1 | K63: =IF(Dash_Calc!G70="","",INDEX(Clean_Data!$B$2:$B$200,Dash_Calc!G70)) -> Ghana | M63: =IF(Dash_Calc!G70="","",INDEX(Clean_Data!$J$2:$J$200,Dash_Calc!G70)) -> Engaged | O63: =IF(Dash_Calc!G70="","",INDEX(Clean_Data!$K$2:$K$200,Dash_Calc!G70)) -> Anita Deshmukh | Q63: =IF(Dash_Calc!H70="","",Dash_Calc!H70) -> 331
B64: 2 | C64: =IF(Dash_Calc!C71="","",INDEX(Clean_Data!$B$2:$B$200,Dash_Calc!C71)) -> Zimbabwe | E64: =IF(Dash_Calc!C71="","",INDEX(Clean_Data!$J$2:$J$200,Dash_Calc!C71)) -> Initial Contact | G64: =IF(Dash_Calc!C71="","",INDEX(Clean_Data!$K$2:$K$200,Dash_Calc!C71)) -> Arjun Mehta | I64: =IF(Dash_Calc!D71="","",Dash_Calc!D71) -> 181 | J64: 2 | K64: =IF(Dash_Calc!G71="","",INDEX(Clean_Data!$B$2:$B$200,Dash_Calc!G71)) -> Ethiopia | M64: =IF(Dash_Calc!G71="","",INDEX(Clean_Data!$J$2:$J$200,Dash_Calc!G71)) -> Engaged | O64: =IF(Dash_Calc!G71="","",INDEX(Clean_Data!$K$2:$K$200,Dash_Calc!G71)) -> Neha Kulkarni | Q64: =IF(Dash_Calc!H71="","",Dash_Calc!H71) -> 228
B65: 3 | C65: =IF(Dash_Calc!C72="","",INDEX(Clean_Data!$B$2:$B$200,Dash_Calc!C72)) -> Russian Federation | E65: =IF(Dash_Calc!C72="","",INDEX(Clean_Data!$J$2:$J$200,Dash_Calc!C72)) -> Engaged | G65: =IF(Dash_Calc!C72="","",INDEX(Clean_Data!$K$2:$K$200,Dash_Calc!C72)) -> Neha Kulkarni | I65: =IF(Dash_Calc!D72="","",Dash_Calc!D72) -> 179 | J65: 3 | K65: =IF(Dash_Calc!G72="","",INDEX(Clean_Data!$B$2:$B$200,Dash_Calc!G72)) -> Peru | M65: =IF(Dash_Calc!G72="","",INDEX(Clean_Data!$J$2:$J$200,Dash_Calc!G72)) -> Initial Contact | O65: =IF(Dash_Calc!G72="","",INDEX(Clean_Data!$K$2:$K$200,Dash_Calc!G72)) -> Priya Nair | Q65: =IF(Dash_Calc!H72="","",Dash_Calc!H72) -> 225
B66: 4 | C66: =IF(Dash_Calc!C73="","",INDEX(Clean_Data!$B$2:$B$200,Dash_Calc!C73)) -> Ireland | E66: =IF(Dash_Calc!C73="","",INDEX(Clean_Data!$J$2:$J$200,Dash_Calc!C73)) -> In Discussion | G66: =IF(Dash_Calc!C73="","",INDEX(Clean_Data!$K$2:$K$200,Dash_Calc!C73)) -> Sameer Khan | I66: =IF(Dash_Calc!D73="","",Dash_Calc!D73) -> 173 | J66: 4 | K66: =IF(Dash_Calc!G73="","",INDEX(Clean_Data!$B$2:$B$200,Dash_Calc!G73)) -> Germany | M66: =IF(Dash_Calc!G73="","",INDEX(Clean_Data!$J$2:$J$200,Dash_Calc!G73)) -> Initial Contact | O66: =IF(Dash_Calc!G73="","",INDEX(Clean_Data!$K$2:$K$200,Dash_Calc!G73)) -> Priya Nair | Q66: =IF(Dash_Calc!H73="","",Dash_Calc!H73) -> 223
B67: 5 | C67: =IF(Dash_Calc!C74="","",INDEX(Clean_Data!$B$2:$B$200,Dash_Calc!C74)) -> Germany | E67: =IF(Dash_Calc!C74="","",INDEX(Clean_Data!$J$2:$J$200,Dash_Calc!C74)) -> Initial Contact | G67: =IF(Dash_Calc!C74="","",INDEX(Clean_Data!$K$2:$K$200,Dash_Calc!C74)) -> Priya Nair | I67: =IF(Dash_Calc!D74="","",Dash_Calc!D74) -> 169 | J67: 5 | K67: =IF(Dash_Calc!G74="","",INDEX(Clean_Data!$B$2:$B$200,Dash_Calc!G74)) -> Zimbabwe | M67: =IF(Dash_Calc!G74="","",INDEX(Clean_Data!$J$2:$J$200,Dash_Calc!G74)) -> Initial Contact | O67: =IF(Dash_Calc!G74="","",INDEX(Clean_Data!$K$2:$K$200,Dash_Calc!G74)) -> Arjun Mehta | Q67: =IF(Dash_Calc!H74="","",Dash_Calc!H74) -> 222
B68: 6 | C68: =IF(Dash_Calc!C75="","",INDEX(Clean_Data!$B$2:$B$200,Dash_Calc!C75)) -> Peru | E68: =IF(Dash_Calc!C75="","",INDEX(Clean_Data!$J$2:$J$200,Dash_Calc!C75)) -> Initial Contact | G68: =IF(Dash_Calc!C75="","",INDEX(Clean_Data!$K$2:$K$200,Dash_Calc!C75)) -> Priya Nair | I68: =IF(Dash_Calc!D75="","",Dash_Calc!D75) -> 167 | J68: 6 | K68: =IF(Dash_Calc!G75="","",INDEX(Clean_Data!$B$2:$B$200,Dash_Calc!G75)) -> Russian Federation | M68: =IF(Dash_Calc!G75="","",INDEX(Clean_Data!$J$2:$J$200,Dash_Calc!G75)) -> Engaged | O68: =IF(Dash_Calc!G75="","",INDEX(Clean_Data!$K$2:$K$200,Dash_Calc!G75)) -> Neha Kulkarni | Q68: =IF(Dash_Calc!H75="","",Dash_Calc!H75) -> 218
B69: 7 | C69: =IF(Dash_Calc!C76="","",INDEX(Clean_Data!$B$2:$B$200,Dash_Calc!C76)) -> Nigeria | E69: =IF(Dash_Calc!C76="","",INDEX(Clean_Data!$J$2:$J$200,Dash_Calc!C76)) -> Engaged | G69: =IF(Dash_Calc!C76="","",INDEX(Clean_Data!$K$2:$K$200,Dash_Calc!C76)) -> Arjun Mehta | I69: =IF(Dash_Calc!D76="","",Dash_Calc!D76) -> 98 | J69: 7 | K69: =IF(Dash_Calc!G76="","",INDEX(Clean_Data!$B$2:$B$200,Dash_Calc!G76)) -> Ireland | M69: =IF(Dash_Calc!G76="","",INDEX(Clean_Data!$J$2:$J$200,Dash_Calc!G76)) -> In Discussion | O69: =IF(Dash_Calc!G76="","",INDEX(Clean_Data!$K$2:$K$200,Dash_Calc!G76)) -> Sameer Khan | Q69: =IF(Dash_Calc!H76="","",Dash_Calc!H76) -> 214
B70: 8 | C70: =IF(Dash_Calc!C77="","",INDEX(Clean_Data!$B$2:$B$200,Dash_Calc!C77)) -> Iraq | E70: =IF(Dash_Calc!C77="","",INDEX(Clean_Data!$J$2:$J$200,Dash_Calc!C77)) -> In Discussion | G70: =IF(Dash_Calc!C77="","",INDEX(Clean_Data!$K$2:$K$200,Dash_Calc!C77)) -> Sameer Khan | I70: =IF(Dash_Calc!D77="","",Dash_Calc!D77) -> 91 | J70: 8 | K70: =IF(Dash_Calc!G77="","",INDEX(Clean_Data!$B$2:$B$200,Dash_Calc!G77)) -> Nigeria | M70: =IF(Dash_Calc!G77="","",INDEX(Clean_Data!$J$2:$J$200,Dash_Calc!G77)) -> Engaged | O70: =IF(Dash_Calc!G77="","",INDEX(Clean_Data!$K$2:$K$200,Dash_Calc!G77)) -> Arjun Mehta | Q70: =IF(Dash_Calc!H77="","",Dash_Calc!H77) -> 141
B71: 9 | C71: =IF(Dash_Calc!C78="","",INDEX(Clean_Data!$B$2:$B$200,Dash_Calc!C78)) -> Denmark | E71: =IF(Dash_Calc!C78="","",INDEX(Clean_Data!$J$2:$J$200,Dash_Calc!C78)) -> Meeting Scheduled | G71: =IF(Dash_Calc!C78="","",INDEX(Clean_Data!$K$2:$K$200,Dash_Calc!C78)) -> Sameer Khan | I71: =IF(Dash_Calc!D78="","",Dash_Calc!D78) -> 86 | J71: 9 | K71: =IF(Dash_Calc!G78="","",INDEX(Clean_Data!$B$2:$B$200,Dash_Calc!G78)) -> Iraq | M71: =IF(Dash_Calc!G78="","",INDEX(Clean_Data!$J$2:$J$200,Dash_Calc!G78)) -> In Discussion | O71: =IF(Dash_Calc!G78="","",INDEX(Clean_Data!$K$2:$K$200,Dash_Calc!G78)) -> Sameer Khan | Q71: =IF(Dash_Calc!H78="","",Dash_Calc!H78) -> 132
B72: 10 | C72: =IF(Dash_Calc!C79="","",INDEX(Clean_Data!$B$2:$B$200,Dash_Calc!C79)) -> Bhutan | E72: =IF(Dash_Calc!C79="","",INDEX(Clean_Data!$J$2:$J$200,Dash_Calc!C79)) -> Initial Contact | G72: =IF(Dash_Calc!C79="","",INDEX(Clean_Data!$K$2:$K$200,Dash_Calc!C79)) -> Arjun Mehta | I72: =IF(Dash_Calc!D79="","",Dash_Calc!D79) -> 77 | J72: 10 | K72: =IF(Dash_Calc!G79="","",INDEX(Clean_Data!$B$2:$B$200,Dash_Calc!G79)) -> Indonesia | M72: =IF(Dash_Calc!G79="","",INDEX(Clean_Data!$J$2:$J$200,Dash_Calc!G79)) -> Initial Contact | O72: =IF(Dash_Calc!G79="","",INDEX(Clean_Data!$K$2:$K$200,Dash_Calc!G79)) -> Unassigned | Q72: =IF(Dash_Calc!H79="","",Dash_Calc!H79) -> 128
B74: DATA QUALITY SNAPSHOT & DEFINITIONS
B75: Issue | H75: Records | I75: % of records | J75: Definitions & notes
B76: =Dash_Calc!A84 -> Embassies with no owner assigned | H76: =Dash_Calc!B84 -> 8 | I76: =Dash_Calc!C84 -> 0.095238095 | J76: ="• Active = Initial Contact, In Discussion, Meeting Scheduled or Engaged (editable on Dash_Calc)." -> • Active = Initial Contact, In Discussion, Meeting Scheduled or Engaged (editable on Dash_Calc).
B77: =Dash_Calc!A85 -> Email missing or invalid | H77: =Dash_Calc!B85 -> 13 | I77: =Dash_Calc!C85 -> 0.1547619 | J77: ="• Overdue = active embassy whose next follow-up date is before "&TEXT(Settings!B2,"dd mmm yyyy")&"." -> • Overdue = active embassy whose next follow-up date is before 06 Oct 2026.
B78: =Dash_Calc!A86 -> Phone missing or invalid | H78: =Dash_Calc!B86 -> 12 | I78: =Dash_Calc!C86 -> 0.14285714 | J78: ="• Silent = active embassy with no contact for more than "&Settings!B3&" days (future-dated contacts excluded)." -> • Silent = active embassy with no contact for more than 90 days (future-dated contacts excluded).
B79: =Dash_Calc!A87 -> Status conflicts with recorded activity | H79: =Dash_Calc!B87 -> 7 | I79: =Dash_Calc!C87 -> 0.083333333 | J79: ="• Engaged % = Engaged status / all embassies in the region; Overdue % = overdue / active." -> • Engaged % = Engaged status / all embassies in the region; Overdue % = overdue / active.
B80: =Dash_Calc!A88 -> Date anomalies (order / future / follow-up before contact) | H80: =Dash_Calc!B88 -> 7 | I80: =Dash_Calc!C88 -> 0.083333333 | J80: ="• Change the as-of date or silent threshold on the Settings sheet - every number and chart updates." -> • Change the as-of date or silent threshold on the Settings sheet - every number and chart updates.
B81: =Dash_Calc!A89 -> Active embassy with no follow-up scheduled | H81: =Dash_Calc!B89 -> 7 | I81: =Dash_Calc!C89 -> 0.083333333 | J81: ="• Records flagged for review stay in the data as recorded; see Cleaning_Log for every change made." -> • Records flagged for review stay in the data as recorded; see Cleaning_Log for every change made.
B82: =Dash_Calc!A90 -> Engagement level not recorded (outreach started) | H82: =Dash_Calc!B90 -> 10 | I82: =Dash_Calc!C90 -> 0.11904762 | J82: ="• Not Started embassies show no engagement or channel by design (N/A), not as a data gap." -> • Not Started embassies show no engagement or channel by design (N/A), not as a data gap.
B83: =Dash_Calc!A91 -> Interaction count missing or negative | H83: =Dash_Calc!B91 -> 5 | I83: =Dash_Calc!C91 -> 0.05952381 | J83: ="• Small regions (e.g. South & Central Asia, n=7) swing easily - read percentages alongside counts." -> • Small regions (e.g. South & Central Asia, n=7) swing easily - read percentages alongside counts.
B84: =Dash_Calc!A92 -> Near-duplicate records kept for confirmation | H84: =Dash_Calc!B92 -> 3 | I84: =Dash_Calc!C92 -> 0.035714286
B85: =Dash_Calc!A93 -> Records needing at least one review action | H85: =Dash_Calc!B93 -> 53 | I85: =Dash_Calc!C93 -> 0.63095238
B87: Prepared from Embassy_Outreach_Analysis.xlsx (Clean_Data). Data quality detail: Cleaning_Log and Removed_Rows sheets.

Sheet Data_Quality_Review
B1: DATA QUALITY REVIEW
B2: ="Scope: Embassy Outreach Database | "&COUNTA(Raw_Data!$B$2:$B$300)&" raw rows reviewed | "&COUNTA(Clean_Data!$A$2:$A$200)&" unique records after cleaning | Reporting date: "&TEXT(Settings!B2,"dd mmm yyyy")&" | Detail of every change: Cleaning_Log, Removed_Rows" -> Scope: Embassy Outreach Database | 91 raw rows reviewed | 84 unique records after cleaning | Reporting date: 06 Oct 2026 | Detail of every change: Cleaning_Log, Removed_Rows
B4: SUMMARY OF FINDINGS
B5: ="1. Duplicates: "&COUNTA(Removed_Rows!$A$2:$A$100)&" rows removed (exact and near-duplicates); 3 original records kept but the contact needs confirming. Left in, they would have overstated the embassy count and the Engaged total." -> 1. Duplicates: 7 rows removed (exact and near-duplicates); 3 original records kept but the contact needs confirming. Left in, they would have overstated the embassy count and the Engaged total.
B6: ="2. Reliability: "&Dash_Calc!B93&" of "&Dash_Calc!B99&" records ("&TEXT(Dash_Calc!B93/Dash_Calc!B99,"0%")&") still carry at least one gap or conflict that needs owner confirmation. Dashboard figures are indicative until these are resolved." -> 2. Reliability: 53 of 84 records (63%) still carry at least one gap or conflict that needs owner confirmation. Dashboard figures are indicative until these are resolved.
B7: ="3. Highest-impact gaps: "&Dash_Calc!B84&" embassies with no owner, "&Dash_Calc!B89&" active embassies with no follow-up date, "&Dash_Calc!B87&" status-vs-activity conflicts and "&Dash_Calc!B88&" records with impossible or future dates. These directly affect overdue / silent monitoring and accountability." -> 3. Highest-impact gaps: 8 embassies with no owner, 7 active embassies with no follow-up date, 7 status-vs-activity conflicts and 7 records with impossible or future dates. These directly affect overdue / silent monitoring and accountability.
B8: ="4. Root cause: the source file has no controlled inputs - "&15&" spellings of 7 statuses, 10 region spellings, text dates and blank mandatory fields all came from free-text entry. Fixing entry (drop-downs, mandatory fields, date validation) matters more than repeated clean-ups." -> 4. Root cause: the source file has no controlled inputs - 15 spellings of 7 statuses, 10 region spellings, text dates and blank mandatory fields all came from free-text entry. Fixing entry (drop-downs, mandatory fields, date validation) matters more than repeated clean-ups.
B10: FIELD COMPLETENESS (cleaned data)
B11: Field | D11: Measured on | E11: Complete | F11: Base | G11: % complete | H11: Reading this table: "Complete" counts records where the field holds a usable value. Fields below 90% are shown in red. "Outreach started" excludes Not Started embassies; "Active" = Initial Contact, In Discussion, Meeting Scheduled, Engaged. Blank engagement level or channel on a Not Started embassy is expected and is not counted as a gap.
B12: Region populated | D12: All embassies | E12: =COUNTA(Clean_Data!$C$2:$C$200) -> 84 | F12: =Dash_Calc!B99 -> 84 | G12: =IF(F12=0,0,E12/F12) -> 1
B13: Outreach owner assigned | D13: All embassies | E13: =Dash_Calc!B99-COUNTIF(Clean_Data!$K$2:$K$200,"Unassigned") -> 76 | F13: =Dash_Calc!B99 -> 84 | G13: =IF(F13=0,0,E13/F13) -> 0.9047619
B14: Valid email address | D14: All embassies | E14: =COUNTIF(Clean_Data!$G$2:$G$200,"Yes") -> 71 | F14: =Dash_Calc!B99 -> 84 | G14: =IF(F14=0,0,E14/F14) -> 0.8452381
B15: Valid phone number | D15: All embassies | E15: =COUNTIF(Clean_Data!$I$2:$I$200,"Yes") -> 72 | F15: =Dash_Calc!B99 -> 84 | G15: =IF(F15=0,0,E15/F15) -> 0.85714286
B16: Interaction count recorded (valid) | D16: All embassies | E16: =COUNT(Clean_Data!$O$2:$O$200) -> 77 | F16: =Dash_Calc!B99 -> 84 | G16: =IF(F16=0,0,E16/F16) -> 0.91666667
B17: Last contact date recorded | D17: Outreach started | E17: =COUNTIFS(Clean_Data!$J$2:$J$200,"<>Not Started",Clean_Data!$M$2:$M$200,"<>") -> 70 | F17: =(Dash_Calc!B99-Dash_Calc!B102) -> 74 | G17: =IF(F17=0,0,E17/F17) -> 0.94594595
B18: Engagement level recorded | D18: Outreach started | E18: =(Dash_Calc!B99-Dash_Calc!B102)-COUNTIF(Clean_Data!$P$2:$P$200,"Not Recorded") -> 64 | F18: =(Dash_Calc!B99-Dash_Calc!B102) -> 74 | G18: =IF(F18=0,0,E18/F18) -> 0.86486486
B19: Next follow-up date scheduled | D19: Active embassies | E19: =COUNTIFS(Dash_Calc!$AA$2:$AA$200,1,Clean_Data!$N$2:$N$200,"<>") -> 52 | F19: =Dash_Calc!B100 -> 59 | G19: =IF(F19=0,0,E19/F19) -> 0.88135593
B21: DETAILED FINDINGS
B22: # | C22: Category | D22: Issue found | E22: Records affected | F22: % of records | G22: Severity | H22: Impact on reporting / decisions | I22: Action taken in cleaning | J22: Recommended follow-up
B23: 1 | C23: Duplicates & identity | D23: Exact duplicate rows (same ID, country and contact) | E23: =COUNTIF(Removed_Rows!$F$2:$F$100,"Exact*") -> 4 | F23: =IF(Dash_Calc!$B$99=0,0,E23/Dash_Calc!$B$99) -> 0.047619048 | G23: High | H23: Inflates the embassy total and status counts; distorts every percentage on the dashboard. | I23: Removed from Clean_Data; listed on Removed_Rows. | J23: Block duplicate IDs at entry (unique-ID validation).
B24: 2 | C24: Duplicates & identity | D24: Near-duplicates: same country, email and dates re-entered under a new ID / contact (Mexico, Ghana, Singapore) | E24: =COUNTIF(Removed_Rows!$F$2:$F$100,"Near*") -> 3 | F24: =IF(Dash_Calc!$B$99=0,0,E24/Dash_Calc!$B$99) -> 0.035714286 | G24: High | H24: One embassy counted twice with a different contact; unclear which contact is current. The 3 kept records may carry the wrong contact. | I24: Later entry removed, original kept and flagged NEAR_DUP_KEPT. | J24: Owners to confirm the correct contact for the 3 kept records.
B25: 3 | C25: Duplicates & identity | D25: Missing Embassy_ID (Senegal, USA) | E25: =COUNTIF(Clean_Data!$S$2:$S$200,"*ID_INFERRED*") -> 2 | F25: =IF(Dash_Calc!$B$99=0,0,E25/Dash_Calc!$B$99) -> 0.023809524 | G25: Medium | H25: Records cannot be reliably updated or joined to other systems. | I25: IDs inferred from sequence (EMB-060, EMB-063); flagged. | J25: Confirm the two IDs against the master list.
B26: 4 | C26: Duplicates & identity | D26: Same contact name appears under different countries (8 names, 17 records) | E26: =SUMPRODUCT((Clean_Data!$D$2:$D$200<>"")*(COUNTIF(Clean_Data!$D$2:$D$200,Clean_Data!$D$2:$D$200)>1)) -> 17 | F26: =IF(Dash_Calc!$B$99=0,0,E26/Dash_Calc!$B$99) -> 0.20238095 | G26: Low | H26: May be coincidence or a copy-paste entry error; if wrong, contact details for those embassies are unreliable. | I26: No change; observation only. | J26: Spot-check the 17 records when verifying contacts.
B27: 5 | C27: Missing information | D27: No outreach owner assigned | E27: =Dash_Calc!B84 -> 8 | F27: =IF(Dash_Calc!$B$99=0,0,E27/Dash_Calc!$B$99) -> 0.095238095 | G27: High | H27: No accountability: these embassies sit outside every owner's workload and their follow-ups can be missed. | I27: Labelled "Unassigned" (not dropped). | J27: Assign an owner to each; make Owner mandatory.
B28: 6 | C28: Missing information | D28: Active embassy with no follow-up date scheduled | E28: =COUNTIF(Clean_Data!$S$2:$S$200,"*FOLLOWUP_MISSING*") -> 7 | F28: =IF(Dash_Calc!$B$99=0,0,E28/Dash_Calc!$B$99) -> 0.083333333 | G28: High | H28: Cannot be tracked as overdue, so the true overdue count is understated. | I28: Left blank and flagged. | J28: Owners to set a next action date; make it mandatory for active status.
B29: 7 | C29: Missing information | D29: Engagement level not recorded where outreach has started | E29: =COUNTIF(Clean_Data!$S$2:$S$200,"*ENG_MISSING*") -> 10 | F29: =IF(Dash_Calc!$B$99=0,0,E29/Dash_Calc!$B$99) -> 0.11904762 | G29: Medium | H29: Engagement analysis understates both High and Low; shown as "Not Recorded" on charts. | I29: Labelled "Not Recorded"; Not Started shown as N/A. | J29: Owners to rate engagement; add a drop-down.
B30: 8 | C30: Missing information | D30: Interaction count missing, or negative (set to blank) | E30: =COUNTIF(Clean_Data!$S$2:$S$200,"*INTERACTIONS_*") -> 5 | F30: =IF(Dash_Calc!$B$99=0,0,E30/Dash_Calc!$B$99) -> 0.05952381 | G30: Medium | H30: Activity level unknown for these embassies; averages exclude them. | I30: Negative value blanked (true value unknown); missing not assumed 0. | J30: Re-capture from owners' records.
B31: 9 | C31: Missing information | D31: Email missing or malformed | E31: =Dash_Calc!B85 -> 13 | F31: =IF(Dash_Calc!$B$99=0,0,E31/Dash_Calc!$B$99) -> 0.1547619 | G31: Medium | H31: Outreach cannot be sent or confirmed by email. | I31: Original text kept; Email_Valid flag added. | J31: Obtain valid emails; add format validation.
B32: 10 | C32: Missing information | D32: Phone missing or incomplete | E32: =Dash_Calc!B86 -> 12 | F32: =IF(Dash_Calc!$B$99=0,0,E32/Dash_Calc!$B$99) -> 0.14285714 | G32: Medium | H32: Alternative channel unavailable for follow-up. | I32: Incomplete numbers cleared; valid numbers standardised. | J32: Obtain numbers; apply a single format.
B33: 11 | C33: Logical inconsistency | D33: Status conflicts with activity (Not Started but contacted; or active with 0 interactions) | E33: =COUNTIF(Clean_Data!$S$2:$S$200,"*STATUS_CONFLICT*") -> 7 | F33: =IF(Dash_Calc!$B$99=0,0,E33/Dash_Calc!$B$99) -> 0.083333333 | G33: High | H33: Status is the main pipeline measure - these records may sit in the wrong stage, so pipeline counts could be off. | I33: Kept as recorded; flagged for owner confirmation. | J33: Owners to confirm true status; add a rule linking status and interaction count.
B34: 12 | C34: Logical inconsistency | D34: Date errors: last contact before first contact (4), future-dated first / last contact (4 combined), follow-up before last contact (2) | E34: =Dash_Calc!B88 -> 7 | F34: =IF(Dash_Calc!$B$99=0,0,E34/Dash_Calc!$B$99) -> 0.083333333 | G34: High | H34: Days-since-contact and overdue logic is unreliable; future-dated contacts are excluded from the silent measure, so those embassies cannot be flagged. | I34: Kept as recorded; Days_Since_Last_Contact left blank for future dates; flagged. | J34: Correct from source (likely typing / day-month errors); add date validation.
B35: 13 | C35: Logical inconsistency | D35: Region mapping unclear (Kazakhstan under Asia-Pacific while other Central Asian states are South & Central Asia) | E35: =COUNTIF(Clean_Data!$S$2:$S$200,"*REGION_REVIEW*") -> 1 | F35: =IF(Dash_Calc!$B$99=0,0,E35/Dash_Calc!$B$99) -> 0.011904762 | G35: Low | H35: Regional totals depend on this mapping decision (1 embassy). | I35: Left as recorded; flagged. | J35: Management to agree one region mapping list.
B36: 14 | C36: Standardisation (fixed) | D36: Outreach status spelling variants (15 spellings for 7 statuses) | E36: =COUNTIF(Clean_Data!$S$2:$S$200,"*STATUS_STD*") -> 13 | F36: =IF(Dash_Calc!$B$99=0,0,E36/Dash_Calc!$B$99) -> 0.1547619 | G36: Low | H36: Without fixing, the same status would be split across several categories. | I36: Standardised to 7 statuses. | J36: Replace free text with a drop-down list.
B37: 15 | C37: Standardisation (fixed) | D37: Region spelling variants or blank region | E37: =COUNTIF(Clean_Data!$S$2:$S$200,"*REGION_STD*")+COUNTIF(Clean_Data!$S$2:$S$200,"*REGION_FILLED*") -> 13 | F37: =IF(Dash_Calc!$B$99=0,0,E37/Dash_Calc!$B$99) -> 0.1547619 | G37: Low | H37: Regional views would be fragmented or incomplete. | I37: Mapped to 6 regions; blanks filled from country. | J37: Use a country-to-region lookup list.
B38: 16 | C38: Standardisation (fixed) | D38: Country name case / spacing variants | E38: =COUNTIF(Clean_Data!$S$2:$S$200,"*COUNTRY_STD*") -> 3 | F38: =IF(Dash_Calc!$B$99=0,0,E38/Dash_Calc!$B$99) -> 0.035714286 | G38: Low | H38: Country-level counts and lookups would fail. | I38: Trimmed and title-cased. | J38: Use a standard country list.
B39: 17 | C39: Standardisation (fixed) | D39: Dates stored as text (mixed dd/mm/yyyy and yyyy-mm-dd) | E39: =COUNTIF(Clean_Data!$S$2:$S$200,"*DATE_TEXT*") -> 8 | F39: =IF(Dash_Calc!$B$99=0,0,E39/Dash_Calc!$B$99) -> 0.095238095 | G39: Low | H39: Text dates cannot be sorted or used in date calculations. Day-first was assumed for dd/mm/yyyy. | I39: Converted to real dates. | J39: Enforce a date format on entry.
B40: Note: a record can carry several issues, so counts overlap and do not add up to a row total. "Records needing review" on the Dashboard counts each record once (any gap / conflict flag; cosmetic fixes excluded). Severity is a judgement based on effect on decisions: High = changes a headline number or accountability; Medium = weakens analysis; Low = cosmetic or already fixed.
B42: RECORD-LEVEL WORKLIST: HIGH-SEVERITY RECORDS TO CONFIRM FIRST
B43: # | C43: Embassy ID | D43: Country | Status | E43: Outreach owner | H43: What to confirm | I43: Issue type | J43: Next step
B44: 1 | C44: EMB-006 | D44: =IFERROR(INDEX(Clean_Data!$B$2:$B$200,MATCH($C44,Clean_Data!$A$2:$A$200,0)),"not found")&" | "&IFERROR(INDEX(Clean_Data!$J$2:$J$200,MATCH($C44,Clean_Data!$A$2:$A$200,0)),"not found") -> Netherlands | Not Started | E44: =IFERROR(INDEX(Clean_Data!$K$2:$K$200,MATCH($C44,Clean_Data!$A$2:$A$200,0)),"not found") -> Neha Kulkarni | H44: Status says Not Started but a last contact date and 2 interactions are recorded | I44: Status conflict | J44: =IF(IFERROR(INDEX(Clean_Data!$K$2:$K$200,MATCH($C44,Clean_Data!$A$2:$A$200,0)),"not found")="Unassigned","Manager: assign an owner, then confirm","Owner to confirm and correct in the source") -> Owner to confirm and correct in the source
B45: 2 | C45: EMB-028 | D45: =IFERROR(INDEX(Clean_Data!$B$2:$B$200,MATCH($C45,Clean_Data!$A$2:$A$200,0)),"not found")&" | "&IFERROR(INDEX(Clean_Data!$J$2:$J$200,MATCH($C45,Clean_Data!$A$2:$A$200,0)),"not found") -> Vietnam | Not Started | E45: =IFERROR(INDEX(Clean_Data!$K$2:$K$200,MATCH($C45,Clean_Data!$A$2:$A$200,0)),"not found") -> Neha Kulkarni | H45: Status says Not Started but a last contact date and 1 interaction are recorded | I45: Status conflict | J45: =IF(IFERROR(INDEX(Clean_Data!$K$2:$K$200,MATCH($C45,Clean_Data!$A$2:$A$200,0)),"not found")="Unassigned","Manager: assign an owner, then confirm","Owner to confirm and correct in the source") -> Owner to confirm and correct in the source
B46: 3 | C46: EMB-074 | D46: =IFERROR(INDEX(Clean_Data!$B$2:$B$200,MATCH($C46,Clean_Data!$A$2:$A$200,0)),"not found")&" | "&IFERROR(INDEX(Clean_Data!$J$2:$J$200,MATCH($C46,Clean_Data!$A$2:$A$200,0)),"not found") -> Guyana | Not Started | E46: =IFERROR(INDEX(Clean_Data!$K$2:$K$200,MATCH($C46,Clean_Data!$A$2:$A$200,0)),"not found") -> Anita Deshmukh | H46: Status says Not Started but a last contact date and 3 interactions are recorded | I46: Status conflict | J46: =IF(IFERROR(INDEX(Clean_Data!$K$2:$K$200,MATCH($C46,Clean_Data!$A$2:$A$200,0)),"not found")="Unassigned","Manager: assign an owner, then confirm","Owner to confirm and correct in the source") -> Owner to confirm and correct in the source
B47: 4 | C47: EMB-018 | D47: =IFERROR(INDEX(Clean_Data!$B$2:$B$200,MATCH($C47,Clean_Data!$A$2:$A$200,0)),"not found")&" | "&IFERROR(INDEX(Clean_Data!$J$2:$J$200,MATCH($C47,Clean_Data!$A$2:$A$200,0)),"not found") -> Ireland | In Discussion | E47: =IFERROR(INDEX(Clean_Data!$K$2:$K$200,MATCH($C47,Clean_Data!$A$2:$A$200,0)),"not found") -> Sameer Khan | H47: In Discussion with 0 interactions recorded | I47: Status conflict | J47: =IF(IFERROR(INDEX(Clean_Data!$K$2:$K$200,MATCH($C47,Clean_Data!$A$2:$A$200,0)),"not found")="Unassigned","Manager: assign an owner, then confirm","Owner to confirm and correct in the source") -> Owner to confirm and correct in the source
B48: 5 | C48: EMB-022 | D48: =IFERROR(INDEX(Clean_Data!$B$2:$B$200,MATCH($C48,Clean_Data!$A$2:$A$200,0)),"not found")&" | "&IFERROR(INDEX(Clean_Data!$J$2:$J$200,MATCH($C48,Clean_Data!$A$2:$A$200,0)),"not found") -> Korea (South) | Engaged | E48: =IFERROR(INDEX(Clean_Data!$K$2:$K$200,MATCH($C48,Clean_Data!$A$2:$A$200,0)),"not found") -> Rahul Verma | H48: Engaged with 0 interactions recorded | I48: Status conflict | J48: =IF(IFERROR(INDEX(Clean_Data!$K$2:$K$200,MATCH($C48,Clean_Data!$A$2:$A$200,0)),"not found")="Unassigned","Manager: assign an owner, then confirm","Owner to confirm and correct in the source") -> Owner to confirm and correct in the source
B49: 6 | C49: EMB-047 | D49: =IFERROR(INDEX(Clean_Data!$B$2:$B$200,MATCH($C49,Clean_Data!$A$2:$A$200,0)),"not found")&" | "&IFERROR(INDEX(Clean_Data!$J$2:$J$200,MATCH($C49,Clean_Data!$A$2:$A$200,0)),"not found") -> Algeria | Engaged | E49: =IFERROR(INDEX(Clean_Data!$K$2:$K$200,MATCH($C49,Clean_Data!$A$2:$A$200,0)),"not found") -> Priya Nair | H49: Engaged with 0 interactions and no last contact date | I49: Status conflict | J49: =IF(IFERROR(INDEX(Clean_Data!$K$2:$K$200,MATCH($C49,Clean_Data!$A$2:$A$200,0)),"not found")="Unassigned","Manager: assign an owner, then confirm","Owner to confirm and correct in the source") -> Owner to confirm and correct in the source
B50: 7 | C50: EMB-062 | D50: =IFERROR(INDEX(Clean_Data!$B$2:$B$200,MATCH($C50,Clean_Data!$A$2:$A$200,0)),"not found")&" | "&IFERROR(INDEX(Clean_Data!$J$2:$J$200,MATCH($C50,Clean_Data!$A$2:$A$200,0)),"not found") -> Mauritius | Engaged | E50: =IFERROR(INDEX(Clean_Data!$K$2:$K$200,MATCH($C50,Clean_Data!$A$2:$A$200,0)),"not found") -> Arjun Mehta | H50: Engaged with 0 interactions recorded | I50: Status conflict | J50: =IF(IFERROR(INDEX(Clean_Data!$K$2:$K$200,MATCH($C50,Clean_Data!$A$2:$A$200,0)),"not found")="Unassigned","Manager: assign an owner, then confirm","Owner to confirm and correct in the source") -> Owner to confirm and correct in the source
B51: 8 | C51: EMB-014 | D51: =IFERROR(INDEX(Clean_Data!$B$2:$B$200,MATCH($C51,Clean_Data!$A$2:$A$200,0)),"not found")&" | "&IFERROR(INDEX(Clean_Data!$J$2:$J$200,MATCH($C51,Clean_Data!$A$2:$A$200,0)),"not found") -> Poland | Meeting Scheduled | E51: =IFERROR(INDEX(Clean_Data!$K$2:$K$200,MATCH($C51,Clean_Data!$A$2:$A$200,0)),"not found") -> Sameer Khan | H51: Last contact date is in the future (Dec 2026) and no follow-up date set | I51: Date error | J51: =IF(IFERROR(INDEX(Clean_Data!$K$2:$K$200,MATCH($C51,Clean_Data!$A$2:$A$200,0)),"not found")="Unassigned","Manager: assign an owner, then confirm","Owner to confirm and correct in the source") -> Owner to confirm and correct in the source
B52: 9 | C52: EMB-038 | D52: =IFERROR(INDEX(Clean_Data!$B$2:$B$200,MATCH($C52,Clean_Data!$A$2:$A$200,0)),"not found")&" | "&IFERROR(INDEX(Clean_Data!$J$2:$J$200,MATCH($C52,Clean_Data!$A$2:$A$200,0)),"not found") -> Kuwait | Initial Contact | E52: =IFERROR(INDEX(Clean_Data!$K$2:$K$200,MATCH($C52,Clean_Data!$A$2:$A$200,0)),"not found") -> Rahul Verma | H52: Last contact date is in the future (Nov 2026); follow-up date falls before it | I52: Date error | J52: =IF(IFERROR(INDEX(Clean_Data!$K$2:$K$200,MATCH($C52,Clean_Data!$A$2:$A$200,0)),"not found")="Unassigned","Manager: assign an owner, then confirm","Owner to confirm and correct in the source") -> Owner to confirm and correct in the source
B53: 10 | C53: EMB-061 | D53: =IFERROR(INDEX(Clean_Data!$B$2:$B$200,MATCH($C53,Clean_Data!$A$2:$A$200,0)),"not found")&" | "&IFERROR(INDEX(Clean_Data!$J$2:$J$200,MATCH($C53,Clean_Data!$A$2:$A$200,0)),"not found") -> Rwanda | In Discussion | E53: =IFERROR(INDEX(Clean_Data!$K$2:$K$200,MATCH($C53,Clean_Data!$A$2:$A$200,0)),"not found") -> Sameer Khan | H53: Last contact date is in the future (Jan 2027); follow-up date falls before it | I53: Date error | J53: =IF(IFERROR(INDEX(Clean_Data!$K$2:$K$200,MATCH($C53,Clean_Data!$A$2:$A$200,0)),"not found")="Unassigned","Manager: assign an owner, then confirm","Owner to confirm and correct in the source") -> Owner to confirm and correct in the source
B54: 11 | C54: EMB-078 | D54: =IFERROR(INDEX(Clean_Data!$B$2:$B$200,MATCH($C54,Clean_Data!$A$2:$A$200,0)),"not found")&" | "&IFERROR(INDEX(Clean_Data!$J$2:$J$200,MATCH($C54,Clean_Data!$A$2:$A$200,0)),"not found") -> Sri Lanka | On Hold | E54: =IFERROR(INDEX(Clean_Data!$K$2:$K$200,MATCH($C54,Clean_Data!$A$2:$A$200,0)),"not found") -> Sameer Khan | H54: First contact is in the future (Oct 2026) and after last contact (Jul 2025) | I54: Date error | J54: =IF(IFERROR(INDEX(Clean_Data!$K$2:$K$200,MATCH($C54,Clean_Data!$A$2:$A$200,0)),"not found")="Unassigned","Manager: assign an owner, then confirm","Owner to confirm and correct in the source") -> Owner to confirm and correct in the source
B55: 12 | C55: EMB-046 | D55: =IFERROR(INDEX(Clean_Data!$B$2:$B$200,MATCH($C55,Clean_Data!$A$2:$A$200,0)),"not found")&" | "&IFERROR(INDEX(Clean_Data!$J$2:$J$200,MATCH($C55,Clean_Data!$A$2:$A$200,0)),"not found") -> Morocco | Closed | E55: =IFERROR(INDEX(Clean_Data!$K$2:$K$200,MATCH($C55,Clean_Data!$A$2:$A$200,0)),"not found") -> Rahul Verma | H55: Last contact (Dec 2025) is earlier than first contact (Aug 2026) | I55: Date error | J55: =IF(IFERROR(INDEX(Clean_Data!$K$2:$K$200,MATCH($C55,Clean_Data!$A$2:$A$200,0)),"not found")="Unassigned","Manager: assign an owner, then confirm","Owner to confirm and correct in the source") -> Owner to confirm and correct in the source
... B61: 18 | C61: EMB-063 | D61: =IFERROR(INDEX(Clean_Data!$B$2:$B$200,MATCH($C61,Clean_Data!$A$2:$A$200,0)),"not found")&" | "&IFERROR(INDEX(Clean_Data!$J$2:$J$200,MATCH($C61,Clean_Data!$A$2:$A$200,0)),"not found") -> USA | Meeting Scheduled | E61: =IFERROR(INDEX(Clean_Data!$K$2:$K$200,MATCH($C61,Clean_Data!$A$2:$A$200,0)),"not found") -> Unassigned | H61: Embassy ID was blank and inferred as EMB-063 (USA); no owner assigned | I61: ID inferred | J61: =IF(IFERROR(INDEX(Clean_Data!$K$2:$K$200,MATCH($C61,Clean_Data!$A$2:$A$200,0)),"not found")="Unassigned","Manager: assign an owner, then confirm","Owner to confirm and correct in the source") -> Manager: assign an owner, then confirm
B62: Country, status and owner are looked up live from Clean_Data by Embassy ID. This list covers the high-severity record issues; field-level gaps (missing owner, follow-up, email, phone) are counted above and can be filtered on Clean_Data using the Issue_Flags column.
B64: ASSUMPTIONS & LIMITATIONS
B65: ="• Reporting date is "&TEXT(Settings!B2,"dd mmm yyyy")&" (Settings sheet). Dates after this are treated as future-dated errors; if the real review date differs, these flags and the overdue / silent counts change." -> • Reporting date is 06 Oct 2026 (Settings sheet). Dates after this are treated as future-dated errors; if the real review date differs, these flags and the overdue / silent counts change.
B66: • Text dates written dd/mm/yyyy were read day-first. If any were month-first, those dates are wrong; the 8 converted records should be spot-checked.
B67: • Records that conflict with their own status or dates were kept as recorded (not corrected) because the true value cannot be known from the data alone.
B68: • No external check was possible: email domains, phone numbers and contacts were checked for format and completeness only, not for real-world accuracy.

Sheet Settings
A1: Settings (inputs used by formulas across the workbook)
A2: As-of date: | B2: 46301 | C2: ~ Reporting date for overdue / silent calculations. Set to the date of the review meeting; everything recalculates.
A3: Silent threshold (days): | B3: 90 | C3: ~ An active embassy with no contact for more than this many days is flagged "silent".
A5: Legend
A6: Blue text on yellow = input you can change
A7: Green-shaded columns on Clean_Data = formulas driven by the as-of date
A8: Raw_Data = untouched original.
A9: Clean_Data = analysis table (84 rows).
A10: Removed_Rows = 7 duplicates excluded.

Sheet Clean_Data
A1: Embassy_ID | B1: Country | C1: Region | D1: Contact_Person | E1: Designation | F1: Email | G1: Email_Valid | H1: Phone_Clean | I1: Phone_Valid | J1: Outreach_Status | K1: Outreach_Owner | L1: First_Contact_Date | M1: Last_Contact_Date | N1: Next_Followup_Date | O1: Interactions | P1: Engagement_Level | Q1: Channel | R1: Remarks | S1: Issue_Flags | T1: Source_Row | U1: Days_Since_Last_Contact | V1: Followup_Overdue | W1: Silent_Active
A2: EMB-001 | B2: France | C2: Europe | D2: Mei Schmidt | E2: Counsellor (Public Affairs) | F2: mei.schmidt@france.embassy.example | G2: Yes | H2: +91 91399 86987 | I2: Yes | J2: Not Started | K2: Neha Kulkarni | O2: 0 | P2: N/A (Not Started) | Q2: N/A (Not Started) | R2: Priority list - Q4 | S2: COUNTRY_STD | T2: 2 | U2: =IF(OR(M2="",M2>Settings!$B$2),"",Settings!$B$2-M2) | V2: =IF(AND(N2<>"",N2<Settings!$B$2,J2<>"Closed"),"Yes","No") -> No | W2: =IF(AND(OR(J2="Initial Contact",J2="In Discussion",J2="Meeting Scheduled",J2="Engaged"),ISNUMBER(U2),U2>Settings!$B$3),"Yes","No") -> No
A3: EMB-002 | B3: Germany | C3: Europe | D3: Stefan Haddad | E3: Commercial Counsellor | F3: stefan.haddad@germany.embassy.example | G3: Yes | H3: +91 11817 07536 | I3: Yes | J3: Initial Contact | K3: Priya Nair | L3: 46057 | M3: 46078 | N3: 46132 | O3: 1 | P3: Low | Q3: Email | R3: Intro call held | S3: COUNTRY_STD; STATUS_STD | T3: 3 | U3: =IF(OR(M3="",M3>Settings!$B$2),"",Settings!$B$2-M3) -> 223 | V3: =IF(AND(N3<>"",N3<Settings!$B$2,J3<>"Closed"),"Yes","No") -> Yes | W3: =IF(AND(OR(J3="Initial Contact",J3="In Discussion",J3="Meeting Scheduled",J3="Engaged"),ISNUMBER(U3),U3>Settings!$B$3),"Yes","No") -> Yes
A4: EMB-003 | B4: Italy | C4: Europe | D4: Kwame Okafor | E4: Counsellor (Public Affairs) | F4: kwame.okafor@italy.embassy.example | G4: Yes | H4: +91 11269 87168 | I4: Yes | J4: On Hold | K4: Neha Kulkarni | L4: 46079 | M4: 46143 | N4: 46257 | O4: 6 | P4: Not Recorded | Q4: Phone | R4: Awaiting HQ approval | S4: REGION_FILLED; ENG_MISSING | T4: 4 | U4: =IF(OR(M4="",M4>Settings!$B$2),"",Settings!$B$2-M4) -> 158 | V4: =IF(AND(N4<>"",N4<Settings!$B$2,J4<>"Closed"),"Yes","No") -> Yes | W4: =IF(AND(OR(J4="Initial Contact",J4="In Discussion",J4="Meeting Scheduled",J4="Engaged"),ISNUMBER(U4),U4>Settings!$B$3),"Yes","No") -> No
A5: EMB-004 | B5: Spain | C5: Europe | D5: Leila Bergstrom | E5: Protocol Officer | F5: leila.bergstrom@spain.embassy.example | G5: Yes | H5: +91 11373 17784 | I5: Yes | J5: Engaged | K5: Sameer Khan | L5: 46233 | M5: 46248 | N5: 46287 | O5: 19 | P5: High | Q5: Phone | R5: Regular quarterly touchpoints | T5: 5 | U5: =IF(OR(M5="",M5>Settings!$B$2),"",Settings!$B$2-M5) -> 53 | V5: =IF(AND(N5<>"",N5<Settings!$B$2,J5<>"Closed"),"Yes","No") -> Yes | W5: =IF(AND(OR(J5="Initial Contact",J5="In Discussion",J5="Meeting Scheduled",J5="Engaged"),ISNUMBER(U5),U5>Settings!$B$3),"Yes","No") -> No
A6: EMB-005 | B6: Portugal | C6: Europe | D6: Omar Khalil | E6: Counsellor (Public Affairs) | F6: omar.khalil@portugal.embassy.example | G6: Yes | H6: +91 97876 80457 | I6: Yes | J6: In Discussion | K6: Anita Deshmukh | L6: 46199 | M6: 46270 | N6: 46295 | O6: 8 | P6: Low | Q6: Official Letter | R6: Positive response | T6: 6 | U6: =IF(OR(M6="",M6>Settings!$B$2),"",Settings!$B$2-M6) -> 31 | V6: =IF(AND(N6<>"",N6<Settings!$B$2,J6<>"Closed"),"Yes","No") -> Yes | W6: =IF(AND(OR(J6="Initial Contact",J6="In Discussion",J6="Meeting Scheduled",J6="Engaged"),ISNUMBER(U6),U6>Settings!$B$3),"Yes","No") -> No
A7: EMB-006 | B7: Netherlands | C7: Europe | D7: Carla Alvarez | E7: Counsellor (Public Affairs) | F7: carla.alvarez@netherlands.embassy.example | G7: Yes | H7: +91 11819 33190 | I7: Yes | J7: Not Started | K7: Neha Kulkarni | M7: 46249 | O7: 2 | P7: N/A (Not Started) | Q7: N/A (Not Started) | R7: Contact details to be verified | S7: STATUS_STD; STATUS_CONFLICT | T7: 7 | U7: =IF(OR(M7="",M7>Settings!$B$2),"",Settings!$B$2-M7) -> 52 | V7: =IF(AND(N7<>"",N7<Settings!$B$2,J7<>"Closed"),"Yes","No") -> No | W7: =IF(AND(OR(J7="Initial Contact",J7="In Discussion",J7="Meeting Scheduled",J7="Engaged"),ISNUMBER(U7),U7>Settings!$B$3),"Yes","No") -> No
A8: EMB-007 | B8: Belgium | C8: Europe | D8: Amara Okafor | E8: Protocol Officer | F8: amara.okafor@belgium.embassy.example | G8: Yes | H8: +91 11499 72837 | I8: Yes | J8: Engaged | K8: Rahul Verma | L8: 45758 | M8: 46294 | N8: 46316 | P8: Medium | Q8: Event | R8: Regular quarterly touchpoints | S8: INTERACTIONS_MISSING | T8: 8 | U8: =IF(OR(M8="",M8>Settings!$B$2),"",Settings!$B$2-M8) -> 7 | V8: =IF(AND(N8<>"",N8<Settings!$B$2,J8<>"Closed"),"Yes","No") -> No | W8: =IF(AND(OR(J8="Initial Contact",J8="In Discussion",J8="Meeting Scheduled",J8="Engaged"),ISNUMBER(U8),U8>Settings!$B$3),"Yes","No") -> No
A9: EMB-008 | B9: Switzerland | C9: Europe | D9: Elena Rossi | E9: Protocol Officer | F9: elena.rossi@switzerland.embassy.example | G9: Yes | H9: +91 11447 51779 | I9: Yes | J9: Meeting Scheduled | K9: Rahul Verma | L9: 46204 | M9: 46280 | P9: Not Recorded | Q9: Official Letter | R9: Meeting with Ambassador pending | S9: ENG_MISSING; FOLLOWUP_MISSING; INTERACTIONS_MISSING | T9: 9 | U9: =IF(OR(M9="",M9>Settings!$B$2),"",Settings!$B$2-M9) -> 21 | V9: =IF(AND(N9<>"",N9<Settings!$B$2,J9<>"Closed"),"Yes","No") -> No | W9: =IF(AND(OR(J9="Initial Contact",J9="In Discussion",J9="Meeting Scheduled",J9="Engaged"),ISNUMBER(U9),U9>Settings!$B$3),"Yes","No") -> No
A10: EMB-009 | B10: Austria | C10: Europe | D10: Amara Petrov | E10: Second Secretary | G10: Missing | I10: No | J10: Not Started | K10: Unassigned | O10: 0 | P10: N/A (Not Started) | Q10: N/A (Not Started) | R10: Priority list - Q4 | S10: STATUS_STD; EMAIL_MISSING; PHONE_INVALID; OWNER_MISSING | T10: 10 | U10: =IF(OR(M10="",M10>Settings!$B$2),"",Settings!$B$2-M10) | V10: =IF(AND(N10<>"",N10<Settings!$B$2,J10<>"Closed"),"Yes","No") -> No | W10: =IF(AND(OR(J10="Initial Contact",J10="In Discussion",J10="Meeting Scheduled",J10="Engaged"),ISNUMBER(U10),U10>Settings!$B$3),"Yes","No") -> No
A11: EMB-010 | B11: Sweden | C11: Europe | D11: Joao Garcia | E11: Commercial Counsellor | F11: joao.garcia@sweden.embassy.example | G11: Yes | H11: +91 96425 24776 | I11: Yes | J11: Initial Contact | K11: Sameer Khan | L11: 46005 | O11: 2 | P11: Medium | Q11: Event | R11: Awaiting acknowledgement | S11: STATUS_STD; FOLLOWUP_MISSING | T11: 11 | U11: =IF(OR(M11="",M11>Settings!$B$2),"",Settings!$B$2-M11) | V11: =IF(AND(N11<>"",N11<Settings!$B$2,J11<>"Closed"),"Yes","No") -> No | W11: =IF(AND(OR(J11="Initial Contact",J11="In Discussion",J11="Meeting Scheduled",J11="Engaged"),ISNUMBER(U11),U11>Settings!$B$3),"Yes","No") -> No
A12: EMB-011 | B12: Norway | C12: Europe | D12: Diego Mensah | E12: Second Secretary | F12: diego.mensah@norway.embassy.example | G12: Yes | H12: +91 95258 98319 | I12: Yes | J12: On Hold | K12: Priya Nair | L12: 45891 | M12: 46233 | N12: 46310 | O12: 2 | P12: Low | Q12: Email | R12: Paused - elections | S12: DATE_TEXT | T12: 12 | U12: =IF(OR(M12="",M12>Settings!$B$2),"",Settings!$B$2-M12) -> 68 | V12: =IF(AND(N12<>"",N12<Settings!$B$2,J12<>"Closed"),"Yes","No") -> No | W12: =IF(AND(OR(J12="Initial Contact",J12="In Discussion",J12="Meeting Scheduled",J12="Engaged"),ISNUMBER(U12),U12>Settings!$B$3),"Yes","No") -> No
A13: EMB-012 | B13: Denmark | C13: Europe | D13: Mei Moreau | E13: First Secretary (Political) | F13: mei.moreau@denmark.embassy.example | G13: Yes | H13: +91 11814 52441 | I13: Yes | J13: Meeting Scheduled | K13: Sameer Khan | L13: 46096 | M13: 46195 | N13: 46215 | O13: 6 | P13: Medium | Q13: Email | R13: Date to be confirmed | T13: 13 | U13: =IF(OR(M13="",M13>Settings!$B$2),"",Settings!$B$2-M13) -> 106 | V13: =IF(AND(N13<>"",N13<Settings!$B$2,J13<>"Closed"),"Yes","No") -> Yes | W13: =IF(AND(OR(J13="Initial Contact",J13="In Discussion",J13="Meeting Scheduled",J13="Engaged"),ISNUMBER(U13),U13>Settings!$B$3),"Yes","No") -> Yes
A14: EMB-013 | B14: Finland | C14: Europe | D14: Stefan Petrov | E14: First Secretary (Political) | F14: stefan.petrov@finland.embassy.example | G14: Yes | H14: +91 11515 84645 | I14: Yes | J14: In Discussion | K14: Arjun Mehta | L14: 45696 | M14: 46289 | N14: 46321 | O14: 5 | P14: Medium | Q14: Email | R14: Positive response | T14: 14 | U14: =IF(OR(M14="",M14>Settings!$B$2),"",Settings!$B$2-M14) -> 12 | V14: =IF(AND(N14<>"",N14<Settings!$B$2,J14<>"Closed"),"Yes","No") -> No | W14: =IF(AND(OR(J14="Initial Contact",J14="In Discussion",J14="Meeting Scheduled",J14="Engaged"),ISNUMBER(U14),U14>Settings!$B$3),"Yes","No") -> No
A15: EMB-014 | B15: Poland | C15: Europe | D15: Aisha Tanaka | E15: Press & Information Officer | F15: aisha.tanaka@poland.embassy.example | G15: Yes | H15: +91 11494 06925 | I15: Yes | J15: Meeting Scheduled | K15: Sameer Khan | L15: 45917 | M15: 46383 | O15: 8 | P15: Medium | Q15: Phone | R15: Date to be confirmed | S15: DATE_FUTURE_LAST; FOLLOWUP_MISSING | T15: 15 | U15: =IF(OR(M15="",M15>Settings!$B$2),"",Settings!$B$2-M15) | V15: =IF(AND(N15<>"",N15<Settings!$B$2,J15<>"Closed"),"Yes","No") -> No | W15: =IF(AND(OR(J15="Initial Contact",J15="In Discussion",J15="Meeting Scheduled",J15="Engaged"),ISNUMBER(U15),U15>Settings!$B$3),"Yes","No") -> No
A16: EMB-015 | B16: Czechia | C16: Europe | D16: Sofia Larsen | E16: Counsellor (Public Affairs) | F16: sofia.larsen@czechrepubli.embassy.example | G16: Yes | H16: +91 99128 08458 | I16: Yes | J16: In Discussion | K16: Arjun Mehta | L16: 45729 | M16: 46269 | N16: 46323 | O16: 6 | P16: High | Q16: Official Letter | R16: Reviewing MoU wording | S16: REGION_STD | T16: 16 | U16: =IF(OR(M16="",M16>Settings!$B$2),"",Settings!$B$2-M16) -> 32 | V16: =IF(AND(N16<>"",N16<Settings!$B$2,J16<>"Closed"),"Yes","No") -> No | W16: =IF(AND(OR(J16="Initial Contact",J16="In Discussion",J16="Meeting Scheduled",J16="Engaged"),ISNUMBER(U16),U16>Settings!$B$3),"Yes","No") -> No
A17: EMB-016 | B17: Hungary | C17: Europe | D17: Fatima Moreau | E17: Cultural Attache | F17: fatima.moreau@hungary.embassy.example | G17: Yes | I17: Missing | J17: Initial Contact | K17: Arjun Mehta | L17: 45829 | M17: 46299 | O17: 2 | P17: Low | Q17: Official Letter | R17: Note verbale sent | S17: PHONE_MISSING; FOLLOWUP_MISSING | T17: 17 | U17: =IF(OR(M17="",M17>Settings!$B$2),"",Settings!$B$2-M17) -> 2 | V17: =IF(AND(N17<>"",N17<Settings!$B$2,J17<>"Closed"),"Yes","No") -> No | W17: =IF(AND(OR(J17="Initial Contact",J17="In Discussion",J17="Meeting Scheduled",J17="Engaged"),ISNUMBER(U17),U17>Settings!$B$3),"Yes","No") -> No
A18: EMB-017 | B18: Greece | C18: Europe | D18: Omar Alvarez | E18: First Secretary (Political) | F18: omar.alvarez@greece.embassy.example | G18: Yes | H18: +91 11266 88281 | I18: Yes | J18: Not Started | K18: Rahul Verma | O18: 0 | P18: N/A (Not Started) | Q18: N/A (Not Started) | R18: Priority list - Q4 | S18: REGION_FILLED | T18: 18 | U18: =IF(OR(M18="",M18>Settings!$B$2),"",Settings!$B$2-M18) | V18: =IF(AND(N18<>"",N18<Settings!$B$2,J18<>"Closed"),"Yes","No") -> No | W18: =IF(AND(OR(J18="Initial Contact",J18="In Discussion",J18="Meeting Scheduled",J18="Engaged"),ISNUMBER(U18),U18>Settings!$B$3),"Yes","No") -> No
A19: EMB-018 | B19: Ireland | C19: Europe | D19: Fatima Novak | E19: Cultural Attache | F19: fatima.novak@ireland.embassy.example | G19: Yes | H19: +91 11632 44845 | I19: Yes | J19: In Discussion | K19: Sameer Khan | L19: 45681 | M19: 46087 | N19: 46128 | O19: 0 | P19: Medium | Q19: Phone | R19: Draft proposal shared | S19: STATUS_CONFLICT | T19: 19 | U19: =IF(OR(M19="",M19>Settings!$B$2),"",Settings!$B$2-M19) -> 214 | V19: =IF(AND(N19<>"",N19<Settings!$B$2,J19<>"Closed"),"Yes","No") -> Yes | W19: =IF(AND(OR(J19="Initial Contact",J19="In Discussion",J19="Meeting Scheduled",J19="Engaged"),ISNUMBER(U19),U19>Settings!$B$3),"Yes","No") -> Yes
A20: EMB-019 | B20: UK | C20: Europe | D20: Amara Rossi | E20: Cultural Attache | F20: amara.rossi@unitedkingdo.embassy.example | G20: Yes | H20: +91 91543 82993 | I20: Yes | J20: On Hold | K20: Anita Deshmukh | L20: 46168 | M20: 46273 | N20: 46379 | O20: 4 | P20: Low | Q20: Event | R20: Awaiting HQ approval | S20: REGION_STD | T20: 20 | U20: =IF(OR(M20="",M20>Settings!$B$2),"",Settings!$B$2-M20) -> 28 | V20: =IF(AND(N20<>"",N20<Settings!$B$2,J20<>"Closed"),"Yes","No") -> No | W20: =IF(AND(OR(J20="Initial Contact",J20="In Discussion",J20="Meeting Scheduled",J20="Engaged"),ISNUMBER(U20),U20>Settings!$B$3),"Yes","No") -> No
A21: EMB-020 | B21: Russian Federation | C21: Europe | D21: Carla Alvarez | E21: Press & Information Officer | F21: carla.alvarez@russia.embassy.example | G21: Yes | H21: +91 11217 44325 | I21: Yes | J21: Engaged | K21: Neha Kulkarni | L21: 46002 | M21: 46083 | N21: 46122 | O21: 18 | P21: High | Q21: Event | R21: Regular quarterly touchpoints | T21: 21 | U21: =IF(OR(M21="",M21>Settings!$B$2),"",Settings!$B$2-M21) -> 218 | V21: =IF(AND(N21<>"",N21<Settings!$B$2,J21<>"Closed"),"Yes","No") -> Yes | W21: =IF(AND(OR(J21="Initial Contact",J21="In Discussion",J21="Meeting Scheduled",J21="Engaged"),ISNUMBER(U21),U21>Settings!$B$3),"Yes","No") -> Yes
A22: EMB-021 | B22: Japan | C22: Asia-Pacific | D22: Omar Larsen | E22: Counsellor (Public Affairs) | F22: omar.larsen@japan.embassy.example | G22: Yes | H22: +91 11626 45154 | I22: Yes | J22: Meeting Scheduled | K22: Sameer Khan | L22: 45820 | M22: 46252 | N22: 46280 | O22: 8 | P22: Medium | Q22: Meeting | R22: Date to be confirmed | S22: COUNTRY_STD; REGION_FILLED | T22: 22 | U22: =IF(OR(M22="",M22>Settings!$B$2),"",Settings!$B$2-M22) -> 49 | V22: =IF(AND(N22<>"",N22<Settings!$B$2,J22<>"Closed"),"Yes","No") -> Yes | W22: =IF(AND(OR(J22="Initial Contact",J22="In Discussion",J22="Meeting Scheduled",J22="Engaged"),ISNUMBER(U22),U22>Settings!$B$3),"Yes","No") -> No
A23: EMB-022 | B23: Korea (South) | C23: Asia-Pacific | D23: Sofia Silva | E23: Second Secretary | F23: sofia.silva@southkorea.embassy.example | G23: Yes | H23: +91 97883 65506 | I23: Yes | J23: Engaged | K23: Rahul Verma | L23: 45945 | M23: 46253 | N23: 46275 | O23: 0 | P23: Not Recorded | Q23: Meeting | R23: Embassy declined further participation | S23: ENG_MISSING; STATUS_CONFLICT | T23: 23 | U23: =IF(OR(M23="",M23>Settings!$B$2),"",Settings!$B$2-M23) -> 48 | V23: =IF(AND(N23<>"",N23<Settings!$B$2,J23<>"Closed"),"Yes","No") -> Yes | W23: =IF(AND(OR(J23="Initial Contact",J23="In Discussion",J23="Meeting Scheduled",J23="Engaged"),ISNUMBER(U23),U23>Settings!$B$3),"Yes","No") -> No
A24: EMB-023 | B24: China | C24: Asia-Pacific | D24: Fatima Moreau | E24: Second Secretary | F24: fatima.moreau@china.embassy.example | G24: Yes | H24: +91 11378 49518 | I24: Yes | J24: Engaged | K24: Rahul Verma | L24: 45769 | M24: 46292 | N24: 46335 | O24: 8 | P24: High | Q24: Email | R24: Active collaboration | T24: 24 | U24: =IF(OR(M24="",M24>Settings!$B$2),"",Settings!$B$2-M24) -> 9 | V24: =IF(AND(N24<>"",N24<Settings!$B$2,J24<>"Closed"),"Yes","No") -> No | W24: =IF(AND(OR(J24="Initial Contact",J24="In Discussion",J24="Meeting Scheduled",J24="Engaged"),ISNUMBER(U24),U24>Settings!$B$3),"Yes","No") -> No
A25: EMB-024 | B25: Indonesia | C25: Asia-Pacific | D25: Andrei Tanaka | E25: Protocol Officer | F25: andrei.tanaka@indonesia.embassy.example | G25: Yes | H25: +91 11783 75555 | I25: Yes | J25: Initial Contact | K25: Unassigned | L25: 46172 | M25: 46173 | N25: 46228 | O25: 2 | P25: Medium | Q25: Meeting | R25: Intro call held | S25: OWNER_MISSING | T25: 25 | U25: =IF(OR(M25="",M25>Settings!$B$2),"",Settings!$B$2-M25) -> 128 | V25: =IF(AND(N25<>"",N25<Settings!$B$2,J25<>"Closed"),"Yes","No") -> Yes | W25: =IF(AND(OR(J25="Initial Contact",J25="In Discussion",J25="Meeting Scheduled",J25="Engaged"),ISNUMBER(U25),U25>Settings!$B$3),"Yes","No") -> Yes
A26: EMB-025 | B26: Malaysia | C26: Asia-Pacific | D26: Nadia Tanaka | E26: Protocol Officer | F26: nadia.tanaka@malaysia.embassy.example | G26: Yes | I26: No | J26: Initial Contact | K26: Priya Nair | L26: 45997 | M26: 46246 | N26: 46271 | O26: 1 | P26: Medium | Q26: Meeting | R26: Note verbale sent | S26: PHONE_INVALID | T26: 26 | U26: =IF(OR(M26="",M26>Settings!$B$2),"",Settings!$B$2-M26) -> 55 | V26: =IF(AND(N26<>"",N26<Settings!$B$2,J26<>"Closed"),"Yes","No") -> Yes | W26: =IF(AND(OR(J26="Initial Contact",J26="In Discussion",J26="Meeting Scheduled",J26="Engaged"),ISNUMBER(U26),U26>Settings!$B$3),"Yes","No") -> No
A27: EMB-026 | B27: Singapore | C27: Asia-Pacific | D27: Omar Rossi | E27: Counsellor (Public Affairs) | F27: omar.rossi@singapore.embassy.example | G27: Yes | H27: +91 11368 82834 | I27: Yes | J27: Closed | K27: Arjun Mehta | L27: 45811 | M27: 46216 | O27: 2 | P27: Low | Q27: Email | R27: Declined - policy restrictions | S27: NEAR_DUP_KEPT | T27: 27 | U27: =IF(OR(M27="",M27>Settings!$B$2),"",Settings!$B$2-M27) -> 85 | V27: =IF(AND(N27<>"",N27<Settings!$B$2,J27<>"Closed"),"Yes","No") -> No | W27: =IF(AND(OR(J27="Initial Contact",J27="In Discussion",J27="Meeting Scheduled",J27="Engaged"),ISNUMBER(U27),U27>Settings!$B$3),"Yes","No") -> No
A28: EMB-027 | B28: Thailand | C28: Asia-Pacific | D28: Diego Alvarez | E28: Second Secretary | F28: diego.alvarez@thailand.embassy.example | G28: Yes | H28: +91 11704 42248 | I28: Yes | J28: Engaged | K28: Priya Nair | L28: 46140 | M28: 46277 | N28: 46294 | O28: 12 | P28: High | Q28: Event | R28: Co-hosted event in Q2 | T28: 28 | U28: =IF(OR(M28="",M28>Settings!$B$2),"",Settings!$B$2-M28) -> 24 | V28: =IF(AND(N28<>"",N28<Settings!$B$2,J28<>"Closed"),"Yes","No") -> Yes | W28: =IF(AND(OR(J28="Initial Contact",J28="In Discussion",J28="Meeting Scheduled",J28="Engaged"),ISNUMBER(U28),U28>Settings!$B$3),"Yes","No") -> No
A29: EMB-028 | B29: Vietnam | C29: Asia-Pacific | D29: Diego Garcia | E29: Commercial Counsellor | F29: diego.garcia@vietnam.embassy.example | G29: Yes | H29: +91 11428 07001 | I29: Yes | J29: Not Started | K29: Neha Kulkarni | M29: 46199 | O29: 1 | P29: N/A (Not Started) | Q29: N/A (Not Started) | R29: Contact details to be verified | S29: STATUS_CONFLICT | T29: 29 | U29: =IF(OR(M29="",M29>Settings!$B$2),"",Settings!$B$2-M29) -> 102 | V29: =IF(AND(N29<>"",N29<Settings!$B$2,J29<>"Closed"),"Yes","No") -> No | W29: =IF(AND(OR(J29="Initial Contact",J29="In Discussion",J29="Meeting Scheduled",J29="Engaged"),ISNUMBER(U29),U29>Settings!$B$3),"Yes","No") -> No
A30: EMB-029 | B30: Philippines | C30: Asia-Pacific | D30: Elena Mensah | E30: Second Secretary | F30: elena.mensah@philippines.embassy.example | G30: Yes | H30: +91 11816 63233 | I30: Yes | J30: In Discussion | K30: Sameer Khan | L30: 46053 | M30: 46272 | N30: 46313 | O30: 6 | P30: Medium | Q30: Email | R30: Draft proposal shared | T30: 30 | U30: =IF(OR(M30="",M30>Settings!$B$2),"",Settings!$B$2-M30) -> 29 | V30: =IF(AND(N30<>"",N30<Settings!$B$2,J30<>"Closed"),"Yes","No") -> No | W30: =IF(AND(OR(J30="Initial Contact",J30="In Discussion",J30="Meeting Scheduled",J30="Engaged"),ISNUMBER(U30),U30>Settings!$B$3),"Yes","No") -> No
A31: EMB-030 | B31: Australia | C31: Asia-Pacific | D31: Pavel Petrov | E31: Cultural Attache | F31: pavel.petrov@australia.embassy.example | G31: Yes | H31: +91 11259 21236 | I31: Yes | J31: On Hold | K31: Sameer Khan | L31: 46232 | M31: 46241 | N31: 46348 | O31: 6 | P31: Low | Q31: Event | R31: Embassy leadership change | S31: STATUS_STD | T31: 31 | U31: =IF(OR(M31="",M31>Settings!$B$2),"",Settings!$B$2-M31) -> 60 | V31: =IF(AND(N31<>"",N31<Settings!$B$2,J31<>"Closed"),"Yes","No") -> No | W31: =IF(AND(OR(J31="Initial Contact",J31="In Discussion",J31="Meeting Scheduled",J31="Engaged"),ISNUMBER(U31),U31>Settings!$B$3),"Yes","No") -> No
A32: EMB-031 | B32: New Zealand | C32: Asia-Pacific | D32: Kwame Yilmaz | E32: Press & Information Officer | F32: kwame.yilmaz@newzealand.embassy.example | G32: Yes | H32: +91 11790 85417 | I32: Yes | J32: Meeting Scheduled | K32: Priya Nair | L32: 46210 | M32: 46218 | N32: 46250 | O32: 8 | P32: Not Recorded | Q32: Phone | R32: Venue finalised | S32: ENG_MISSING | T32: 32 | U32: =IF(OR(M32="",M32>Settings!$B$2),"",Settings!$B$2-M32) -> 83 | V32: =IF(AND(N32<>"",N32<Settings!$B$2,J32<>"Closed"),"Yes","No") -> Yes | W32: =IF(AND(OR(J32="Initial Contact",J32="In Discussion",J32="Meeting Scheduled",J32="Engaged"),ISNUMBER(U32),U32>Settings!$B$3),"Yes","No") -> No
A33: EMB-032 | B33: Mongolia | C33: Asia-Pacific | D33: Elena Larsen | E33: First Secretary (Political) | F33: elena.larsen@mongolia.embassy.example | G33: Yes | H33: +91 92016 12840 | I33: Yes | J33: In Discussion | K33: Arjun Mehta | L33: 46205 | N33: 46307 | O33: 5 | P33: Medium | Q33: Phone | R33: Exploring joint programme | T33: 33 | U33: =IF(OR(M33="",M33>Settings!$B$2),"",Settings!$B$2-M33) | V33: =IF(AND(N33<>"",N33<Settings!$B$2,J33<>"Closed"),"Yes","No") -> No | W33: =IF(AND(OR(J33="Initial Contact",J33="In Discussion",J33="Meeting Scheduled",J33="Engaged"),ISNUMBER(U33),U33>Settings!$B$3),"Yes","No") -> No
A34: EMB-033 | B34: Myanmar | C34: Asia-Pacific | D34: Stefan Mensah | E34: First Secretary (Political) | F34: stefan.mensah@myanmar | G34: No | H34: +91 11819 79678 | I34: Yes | J34: In Discussion | K34: Sameer Khan | L34: 46065 | M34: 46236 | N34: 46279 | O34: 5 | P34: Medium | Q34: Meeting | R34: Draft proposal shared | S34: STATUS_STD; DATE_TEXT; EMAIL_INVALID | T34: 34 | U34: =IF(OR(M34="",M34>Settings!$B$2),"",Settings!$B$2-M34) -> 65 | V34: =IF(AND(N34<>"",N34<Settings!$B$2,J34<>"Closed"),"Yes","No") -> Yes | W34: =IF(AND(OR(J34="Initial Contact",J34="In Discussion",J34="Meeting Scheduled",J34="Engaged"),ISNUMBER(U34),U34>Settings!$B$3),"Yes","No") -> No
A35: EMB-034 | B35: Cambodia | C35: Asia-Pacific | D35: Mei Silva | E35: Counsellor (Public Affairs) | F35: mei.silva@cambodia.embassy.example | G35: Yes | H35: +91 11839 18276 | I35: Yes | J35: In Discussion | K35: Unassigned | L35: 46097 | M35: 46299 | N35: 46328 | O35: 3 | P35: Low | Q35: Email | R35: Embassy declined further participation | S35: OWNER_MISSING | T35: 35 | U35: =IF(OR(M35="",M35>Settings!$B$2),"",Settings!$B$2-M35) -> 2 | V35: =IF(AND(N35<>"",N35<Settings!$B$2,J35<>"Closed"),"Yes","No") -> No | W35: =IF(AND(OR(J35="Initial Contact",J35="In Discussion",J35="Meeting Scheduled",J35="Engaged"),ISNUMBER(U35),U35>Settings!$B$3),"Yes","No") -> No
A36: EMB-035 | B36: UAE | C36: Middle East & North Africa | D36: Leila Nguyen | E36: Second Secretary | F36: leila.nguyen@unitedarabem.embassy.example | G36: Yes | H36: +91 11580 57803 | I36: Yes | J36: On Hold | K36: Arjun Mehta | L36: 45720 | M36: 46294 | N36: 46395 | O36: 4 | P36: Low | Q36: Email | R36: Awaiting HQ approval | S36: STATUS_STD | T36: 36 | U36: =IF(OR(M36="",M36>Settings!$B$2),"",Settings!$B$2-M36) -> 7 | V36: =IF(AND(N36<>"",N36<Settings!$B$2,J36<>"Closed"),"Yes","No") -> No | W36: =IF(AND(OR(J36="Initial Contact",J36="In Discussion",J36="Meeting Scheduled",J36="Engaged"),ISNUMBER(U36),U36>Settings!$B$3),"Yes","No") -> No
A37: EMB-036 | B37: Saudi Arabia | C37: Middle East & North Africa | D37: Nadia Nguyen | E37: First Secretary (Political) | F37: nadia.nguyen@saudiarabia.embassy.example | G37: Yes | H37: +91 11808 53867 | I37: Yes | J37: Meeting Scheduled | K37: Rahul Verma | L37: 45687 | M37: 46282 | N37: 46301 | O37: 8 | P37: High | Q37: Official Letter | R37: Meeting with Ambassador pending | S37: REGION_STD | T37: 37 | U37: =IF(OR(M37="",M37>Settings!$B$2),"",Settings!$B$2-M37) -> 19 | V37: =IF(AND(N37<>"",N37<Settings!$B$2,J37<>"Closed"),"Yes","No") -> No | W37: =IF(AND(OR(J37="Initial Contact",J37="In Discussion",J37="Meeting Scheduled",J37="Engaged"),ISNUMBER(U37),U37>Settings!$B$3),"Yes","No") -> No
A38: EMB-037 | B38: Qatar | C38: Middle East & North Africa | D38: Carla Haddad | E38: Cultural Attache | F38: carla.haddad@qatar.embassy.example | G38: Yes | H38: +91 11229 83725 | I38: Yes | J38: Engaged | K38: Sameer Khan | L38: 45814 | M38: 46287 | N38: 46306 | O38: 16 | P38: High | Q38: Meeting | R38: Active collaboration | T38: 38 | U38: =IF(OR(M38="",M38>Settings!$B$2),"",Settings!$B$2-M38) -> 14 | V38: =IF(AND(N38<>"",N38<Settings!$B$2,J38<>"Closed"),"Yes","No") -> No | W38: =IF(AND(OR(J38="Initial Contact",J38="In Discussion",J38="Meeting Scheduled",J38="Engaged"),ISNUMBER(U38),U38>Settings!$B$3),"Yes","No") -> No
A39: EMB-038 | B39: Kuwait | C39: Middle East & North Africa | D39: Yuki Zhang | E39: Second Secretary | F39: yuki.zhang@kuwait.embassy.example | G39: Yes | H39: +91 99992 48005 | I39: Yes | J39: Initial Contact | K39: Rahul Verma | L39: 45771 | M39: 46332 | N39: 46308 | O39: 2 | P39: Low | Q39: Official Letter | R39: Note verbale sent | S39: DATE_FUTURE_LAST; FOLLOWUP_BEFORE_LAST | T39: 39 | U39: =IF(OR(M39="",M39>Settings!$B$2),"",Settings!$B$2-M39) | V39: =IF(AND(N39<>"",N39<Settings!$B$2,J39<>"Closed"),"Yes","No") -> No | W39: =IF(AND(OR(J39="Initial Contact",J39="In Discussion",J39="Meeting Scheduled",J39="Engaged"),ISNUMBER(U39),U39>Settings!$B$3),"Yes","No") -> No
A40: EMB-039 | B40: Oman | C40: Middle East & North Africa | D40: Amara Rossi | E40: Press & Information Officer | F40: amara.rossi@oman.embassy.example | G40: Yes | H40: +91 11213 57164 | I40: Yes | J40: In Discussion | K40: Unassigned | L40: 45928 | M40: 46280 | N40: 46320 | O40: 5 | P40: Not Recorded | Q40: Meeting | R40: Reviewing MoU wording | S40: OWNER_MISSING; ENG_MISSING | T40: 40 | U40: =IF(OR(M40="",M40>Settings!$B$2),"",Settings!$B$2-M40) -> 21 | V40: =IF(AND(N40<>"",N40<Settings!$B$2,J40<>"Closed"),"Yes","No") -> No | W40: =IF(AND(OR(J40="Initial Contact",J40="In Discussion",J40="Meeting Scheduled",J40="Engaged"),ISNUMBER(U40),U40>Settings!$B$3),"Yes","No") -> No
A41: EMB-040 | B41: Bahrain | C41: Middle East & North Africa | D41: Yuki Zhang | E41: Press & Information Officer | F41: yuki.zhang@bahrain.embassy.example | G41: Yes | H41: +91 95213 62958 | I41: Yes | J41: Engaged | K41: Rahul Verma | L41: 46227 | M41: 46245 | O41: 20 | P41: High | Q41: Email | R41: Regular quarterly touchpoints | S41: STATUS_STD; FOLLOWUP_MISSING | T41: 41 | U41: =IF(OR(M41="",M41>Settings!$B$2),"",Settings!$B$2-M41) -> 56 | V41: =IF(AND(N41<>"",N41<Settings!$B$2,J41<>"Closed"),"Yes","No") -> No | W41: =IF(AND(OR(J41="Initial Contact",J41="In Discussion",J41="Meeting Scheduled",J41="Engaged"),ISNUMBER(U41),U41>Settings!$B$3),"Yes","No") -> No
A42: EMB-041 | B42: Iran | C42: Middle East & North Africa | D42: Diego Alvarez | E42: Commercial Counsellor | F42: diego.alvarez@iran.embassy.example | G42: Yes | H42: +91 11570 94098 | I42: Yes | J42: On Hold | K42: Neha Kulkarni | L42: 46095 | M42: 46277 | N42: 46377 | O42: 6 | P42: Not Recorded | Q42: Phone | R42: Awaiting HQ approval | S42: STATUS_STD; ENG_MISSING | T42: 42 | U42: =IF(OR(M42="",M42>Settings!$B$2),"",Settings!$B$2-M42) -> 24 | V42: =IF(AND(N42<>"",N42<Settings!$B$2,J42<>"Closed"),"Yes","No") -> No | W42: =IF(AND(OR(J42="Initial Contact",J42="In Discussion",J42="Meeting Scheduled",J42="Engaged"),ISNUMBER(U42),U42>Settings!$B$3),"Yes","No") -> No
A43: EMB-042 | B43: Iraq | C43: Middle East & North Africa | D43: Stefan Okafor | E43: Cultural Attache | F43: stefan.okafor@iraq.embassy.example | G43: Yes | H43: +91 93896 50133 | I43: Yes | J43: In Discussion | K43: Sameer Khan | L43: 46156 | M43: 46169 | N43: 46210 | O43: 5 | P43: Medium | Q43: Phone | R43: Positive response | S43: DATE_TEXT | T43: 43 | U43: =IF(OR(M43="",M43>Settings!$B$2),"",Settings!$B$2-M43) -> 132 | V43: =IF(AND(N43<>"",N43<Settings!$B$2,J43<>"Closed"),"Yes","No") -> Yes | W43: =IF(AND(OR(J43="Initial Contact",J43="In Discussion",J43="Meeting Scheduled",J43="Engaged"),ISNUMBER(U43),U43>Settings!$B$3),"Yes","No") -> Yes
A44: EMB-043 | B44: Israel | C44: Middle East & North Africa | D44: Aisha Garcia | E44: First Secretary (Political) | F44: aisha.garcia@israel.embassy.example | G44: Yes | H44: +91 11401 15276 | I44: Yes | J44: On Hold | K44: Arjun Mehta | L44: 45867 | M44: 46068 | N44: 46183 | O44: 2 | P44: Low | Q44: Email | R44: Embassy leadership change | S44: REGION_FILLED | T44: 44 | U44: =IF(OR(M44="",M44>Settings!$B$2),"",Settings!$B$2-M44) -> 233 | V44: =IF(AND(N44<>"",N44<Settings!$B$2,J44<>"Closed"),"Yes","No") -> Yes | W44: =IF(AND(OR(J44="Initial Contact",J44="In Discussion",J44="Meeting Scheduled",J44="Engaged"),ISNUMBER(U44),U44>Settings!$B$3),"Yes","No") -> No
A45: EMB-044 | B45: Jordan | C45: Middle East & North Africa | D45: Andrei Larsen | E45: Press & Information Officer | F45: andrei.larsen@jordan.embassy.example | G45: Yes | I45: No | J45: Closed | K45: Priya Nair | L45: 45772 | M45: 46105 | O45: 2 | P45: Low | Q45: Meeting | R45: Not a fit at this time | S45: PHONE_INVALID | T45: 45 | U45: =IF(OR(M45="",M45>Settings!$B$2),"",Settings!$B$2-M45) -> 196 | V45: =IF(AND(N45<>"",N45<Settings!$B$2,J45<>"Closed"),"Yes","No") -> No | W45: =IF(AND(OR(J45="Initial Contact",J45="In Discussion",J45="Meeting Scheduled",J45="Engaged"),ISNUMBER(U45),U45>Settings!$B$3),"Yes","No") -> No
A46: EMB-045 | B46: Egypt | C46: Sub-Saharan Africa | D46: Fatima Garcia | E46: Press & Information Officer | F46: fatima.garcia@egypt.embassy.example | G46: Yes | H46: +91 93516 19945 | I46: Yes | J46: Engaged | K46: Neha Kulkarni | L46: 45911 | M46: 46231 | N46: 46278 | O46: 10 | P46: High | Q46: Email | R46: Regular quarterly touchpoints | T46: 46 | U46: =IF(OR(M46="",M46>Settings!$B$2),"",Settings!$B$2-M46) -> 70 | V46: =IF(AND(N46<>"",N46<Settings!$B$2,J46<>"Closed"),"Yes","No") -> Yes | W46: =IF(AND(OR(J46="Initial Contact",J46="In Discussion",J46="Meeting Scheduled",J46="Engaged"),ISNUMBER(U46),U46>Settings!$B$3),"Yes","No") -> No
A47: EMB-046 | B47: Morocco | C47: Middle East & North Africa | D47: Pavel Alvarez | E47: First Secretary (Political) | F47: pavel.alvarez@morocco.embassy.example | G47: Yes | H47: +91 11484 44193 | I47: Yes | J47: Closed | K47: Rahul Verma | L47: 46235 | M47: 46017 | P47: Low | Q47: Official Letter | R47: Not a fit at this time | S47: DATE_ORDER | T47: 47 | U47: =IF(OR(M47="",M47>Settings!$B$2),"",Settings!$B$2-M47) -> 284 | V47: =IF(AND(N47<>"",N47<Settings!$B$2,J47<>"Closed"),"Yes","No") -> No | W47: =IF(AND(OR(J47="Initial Contact",J47="In Discussion",J47="Meeting Scheduled",J47="Engaged"),ISNUMBER(U47),U47>Settings!$B$3),"Yes","No") -> No
A48: EMB-047 | B48: Algeria | C48: Middle East & North Africa | D48: Carla Alvarez | E48: First Secretary (Political) | F48: carla.alvarez@algeria.embassy.example | G48: Yes | H48: +91 11550 56547 | I48: Yes | J48: Engaged | K48: Priya Nair | L48: 46149 | N48: 46358 | O48: 0 | P48: High | Q48: Official Letter | R48: Joint working group formed | S48: STATUS_CONFLICT | T48: 48 | U48: =IF(OR(M48="",M48>Settings!$B$2),"",Settings!$B$2-M48) | V48: =IF(AND(N48<>"",N48<Settings!$B$2,J48<>"Closed"),"Yes","No") -> No | W48: =IF(AND(OR(J48="Initial Contact",J48="In Discussion",J48="Meeting Scheduled",J48="Engaged"),ISNUMBER(U48),U48>Settings!$B$3),"Yes","No") -> No
A49: EMB-048 | B49: Turkey | C49: Europe | D49: Omar Petrov | E49: Second Secretary | G49: Missing | H49: +91 11320 59871 | I49: Yes | J49: Initial Contact | K49: Neha Kulkarni | L49: 45968 | M49: 46272 | N49: 46312 | O49: 1 | P49: Medium | Q49: Phone | R49: Introductory email sent | S49: EMAIL_MISSING | T49: 49 | U49: =IF(OR(M49="",M49>Settings!$B$2),"",Settings!$B$2-M49) -> 29 | V49: =IF(AND(N49<>"",N49<Settings!$B$2,J49<>"Closed"),"Yes","No") -> No | W49: =IF(AND(OR(J49="Initial Contact",J49="In Discussion",J49="Meeting Scheduled",J49="Engaged"),ISNUMBER(U49),U49>Settings!$B$3),"Yes","No") -> No
A50: EMB-049 | B50: South Africa | C50: Sub-Saharan Africa | D50: Pavel Rossi | E50: Cultural Attache | F50: pavel.rossi.southafrica.embassy.example | G50: No | H50: +91 94658 73064 | I50: Yes | J50: On Hold | K50: Priya Nair | L50: 46221 | M50: 46287 | N50: 46392 | P50: Low | Q50: Event | R50: Paused - elections | S50: EMAIL_INVALID | T50: 50 | U50: =IF(OR(M50="",M50>Settings!$B$2),"",Settings!$B$2-M50) -> 14 | V50: =IF(AND(N50<>"",N50<Settings!$B$2,J50<>"Closed"),"Yes","No") -> No | W50: =IF(AND(OR(J50="Initial Contact",J50="In Discussion",J50="Meeting Scheduled",J50="Engaged"),ISNUMBER(U50),U50>Settings!$B$3),"Yes","No") -> No
A51: EMB-050 | B51: Nigeria | C51: Sub-Saharan Africa | D51: Andrei Petrov | E51: Counsellor (Public Affairs) | F51: andrei.petrov@nigeria.embassy.example | G51: Yes | H51: +91 11778 92352 | I51: Yes | J51: Engaged | K51: Arjun Mehta | L51: 45703 | M51: 46160 | N51: 46203 | O51: 12 | P51: Medium | Q51: Email | R51: Embassy declined further participation | S51: REGION_STD; DATE_TEXT | T51: 51 | U51: =IF(OR(M51="",M51>Settings!$B$2),"",Settings!$B$2-M51) -> 141 | V51: =IF(AND(N51<>"",N51<Settings!$B$2,J51<>"Closed"),"Yes","No") -> Yes | W51: =IF(AND(OR(J51="Initial Contact",J51="In Discussion",J51="Meeting Scheduled",J51="Engaged"),ISNUMBER(U51),U51>Settings!$B$3),"Yes","No") -> Yes
A52: EMB-051 | B52: Kenya | C52: Sub-Saharan Africa | D52: Joao Nguyen | E52: Cultural Attache | F52: joao.nguyen@kenya.embassy.example | G52: Yes | H52: +91 11613 78522 | I52: Yes | J52: Not Started | K52: Unassigned | O52: 0 | P52: N/A (Not Started) | Q52: N/A (Not Started) | R52: Contact details to be verified | S52: OWNER_MISSING | T52: 52 | U52: =IF(OR(M52="",M52>Settings!$B$2),"",Settings!$B$2-M52) | V52: =IF(AND(N52<>"",N52<Settings!$B$2,J52<>"Closed"),"Yes","No") -> No | W52: =IF(AND(OR(J52="Initial Contact",J52="In Discussion",J52="Meeting Scheduled",J52="Engaged"),ISNUMBER(U52),U52>Settings!$B$3),"Yes","No") -> No
A53: EMB-052 | B53: Ethiopia | C53: Sub-Saharan Africa | D53: Yuki Khalil | E53: Second Secretary | F53: yuki.khalil@ethiopia.embassy.example | G53: Yes | I53: Missing | J53: Engaged | K53: Neha Kulkarni | L53: 45965 | M53: 46073 | N53: 46090 | O53: 10 | P53: High | Q53: Official Letter | R53: Co-hosted event in Q2 | S53: REGION_STD; PHONE_MISSING | T53: 53 | U53: =IF(OR(M53="",M53>Settings!$B$2),"",Settings!$B$2-M53) -> 228 | V53: =IF(AND(N53<>"",N53<Settings!$B$2,J53<>"Closed"),"Yes","No") -> Yes | W53: =IF(AND(OR(J53="Initial Contact",J53="In Discussion",J53="Meeting Scheduled",J53="Engaged"),ISNUMBER(U53),U53>Settings!$B$3),"Yes","No") -> Yes
A54: EMB-053 | B54: Ghana | C54: Sub-Saharan Africa | D54: Omar Novak | E54: Second Secretary | F54: omar.novak@ghana.embassy.example | G54: Yes | H54: +91 11761 75442 | I54: Yes | J54: Engaged | K54: Anita Deshmukh | L54: 46292 | M54: 45970 | N54: 46290 | O54: 6 | P54: High | Q54: Phone | R54: Active collaboration | S54: NEAR_DUP_KEPT; DATE_ORDER | T54: 54 | U54: =IF(OR(M54="",M54>Settings!$B$2),"",Settings!$B$2-M54) -> 331 | V54: =IF(AND(N54<>"",N54<Settings!$B$2,J54<>"Closed"),"Yes","No") -> Yes | W54: =IF(AND(OR(J54="Initial Contact",J54="In Discussion",J54="Meeting Scheduled",J54="Engaged"),ISNUMBER(U54),U54>Settings!$B$3),"Yes","No") -> Yes
A55: EMB-054 | B55: Tanzania | C55: Sub-Saharan Africa | D55: Sofia Nguyen | E55: Counsellor (Public Affairs) | F55: sofia.nguyen@tanzania.embassy.example | G55: Yes | H55: +91 93059 77605 | I55: Yes | J55: In Discussion | K55: Priya Nair | L55: 46226 | M55: 46246 | O55: 6 | P55: High | Q55: Phone | R55: Draft proposal shared | S55: FOLLOWUP_MISSING | T55: 55 | U55: =IF(OR(M55="",M55>Settings!$B$2),"",Settings!$B$2-M55) -> 55 | V55: =IF(AND(N55<>"",N55<Settings!$B$2,J55<>"Closed"),"Yes","No") -> No | W55: =IF(AND(OR(J55="Initial Contact",J55="In Discussion",J55="Meeting Scheduled",J55="Engaged"),ISNUMBER(U55),U55>Settings!$B$3),"Yes","No") -> No
A56: EMB-055 | B56: Uganda | C56: Sub-Saharan Africa | D56: Tariq Sato | E56: Second Secretary | F56: tariq.sato@uganda.embassy.example | G56: Yes | H56: +91 11751 41363 | I56: Yes | J56: On Hold | K56: Rahul Verma | L56: 46288 | M56: 45890 | N56: 46338 | O56: 5 | P56: Low | Q56: Email | R56: Awaiting HQ approval | S56: STATUS_STD; DATE_ORDER | T56: 56 | U56: =IF(OR(M56="",M56>Settings!$B$2),"",Settings!$B$2-M56) -> 411 | V56: =IF(AND(N56<>"",N56<Settings!$B$2,J56<>"Closed"),"Yes","No") -> No | W56: =IF(AND(OR(J56="Initial Contact",J56="In Discussion",J56="Meeting Scheduled",J56="Engaged"),ISNUMBER(U56),U56>Settings!$B$3),"Yes","No") -> No
A57: EMB-056 | B57: Zambia | C57: Sub-Saharan Africa | D57: Ingrid Novak | E57: Counsellor (Public Affairs) | F57: ingrid.novak@zambia.embassy.example | G57: Yes | H57: +91 94668 63166 | I57: Yes | J57: Meeting Scheduled | K57: Priya Nair | L57: 46228 | M57: 46233 | N57: 46292 | O57: 10 | P57: High | Q57: Phone | R57: Meeting with Ambassador pending | S57: STATUS_STD | T57: 57 | U57: =IF(OR(M57="",M57>Settings!$B$2),"",Settings!$B$2-M57) -> 68 | V57: =IF(AND(N57<>"",N57<Settings!$B$2,J57<>"Closed"),"Yes","No") -> Yes | W57: =IF(AND(OR(J57="Initial Contact",J57="In Discussion",J57="Meeting Scheduled",J57="Engaged"),ISNUMBER(U57),U57>Settings!$B$3),"Yes","No") -> No
A58: EMB-057 | B58: Zimbabwe | C58: Sub-Saharan Africa | D58: Chen Novak | E58: Commercial Counsellor | G58: Missing | H58: +91 97704 41047 | I58: Yes | J58: Initial Contact | K58: Arjun Mehta | L58: 46068 | M58: 46079 | N58: 46120 | O58: 2 | P58: Low | Q58: Event | R58: Introductory email sent | S58: REGION_STD; EMAIL_MISSING | T58: 58 | U58: =IF(OR(M58="",M58>Settings!$B$2),"",Settings!$B$2-M58) -> 222 | V58: =IF(AND(N58<>"",N58<Settings!$B$2,J58<>"Closed"),"Yes","No") -> Yes | W58: =IF(AND(OR(J58="Initial Contact",J58="In Discussion",J58="Meeting Scheduled",J58="Engaged"),ISNUMBER(U58),U58>Settings!$B$3),"Yes","No") -> Yes
A59: EMB-058 | B59: Mozambique | C59: Sub-Saharan Africa | D59: Chen Khalil | E59: Protocol Officer | F59: chen.khalil@mozambique.embassy.example | G59: Yes | H59: +91 94042 94747 | I59: Yes | J59: On Hold | K59: Arjun Mehta | L59: 45748 | M59: 46261 | N59: 46338 | O59: 5 | P59: Low | Q59: Meeting | R59: Paused - elections | T59: 59 | U59: =IF(OR(M59="",M59>Settings!$B$2),"",Settings!$B$2-M59) -> 40 | V59: =IF(AND(N59<>"",N59<Settings!$B$2,J59<>"Closed"),"Yes","No") -> No | W59: =IF(AND(OR(J59="Initial Contact",J59="In Discussion",J59="Meeting Scheduled",J59="Engaged"),ISNUMBER(U59),U59>Settings!$B$3),"Yes","No") -> No
A60: EMB-059 | B60: Angola | C60: Sub-Saharan Africa | D60: Elena Tanaka | E60: Counsellor (Public Affairs) | F60: elena.tanaka@angola.embassy.example | G60: Yes | I60: Missing | J60: Not Started | K60: Unassigned | O60: 0 | P60: N/A (Not Started) | Q60: N/A (Not Started) | S60: PHONE_MISSING; OWNER_MISSING | T60: 60 | U60: =IF(OR(M60="",M60>Settings!$B$2),"",Settings!$B$2-M60) | V60: =IF(AND(N60<>"",N60<Settings!$B$2,J60<>"Closed"),"Yes","No") -> No | W60: =IF(AND(OR(J60="Initial Contact",J60="In Discussion",J60="Meeting Scheduled",J60="Engaged"),ISNUMBER(U60),U60>Settings!$B$3),"Yes","No") -> No
A61: EMB-060 | B61: Senegal | C61: Sub-Saharan Africa | D61: Stefan Larsen | E61: Protocol Officer | G61: Missing | H61: +91 11305 70304 | I61: Yes | J61: Engaged | K61: Neha Kulkarni | L61: 46131 | M61: 46225 | N61: 46245 | O61: 19 | P61: Not Recorded | Q61: Email | R61: Joint working group formed | S61: ID_INFERRED; EMAIL_MISSING; ENG_MISSING | T61: 61 | U61: =IF(OR(M61="",M61>Settings!$B$2),"",Settings!$B$2-M61) -> 76 | V61: =IF(AND(N61<>"",N61<Settings!$B$2,J61<>"Closed"),"Yes","No") -> Yes | W61: =IF(AND(OR(J61="Initial Contact",J61="In Discussion",J61="Meeting Scheduled",J61="Engaged"),ISNUMBER(U61),U61>Settings!$B$3),"Yes","No") -> No
A62: EMB-061 | B62: Rwanda | C62: Sub-Saharan Africa | D62: Marco Tanaka | E62: First Secretary (Political) | F62: marco.tanaka@rwanda.embassy.example | G62: Yes | H62: +91 90300 42637 | I62: Yes | J62: In Discussion | K62: Sameer Khan | L62: 45772 | M62: 46388 | N62: 46313 | O62: 3 | P62: Medium | Q62: Meeting | R62: Positive response | S62: DATE_FUTURE_LAST; FOLLOWUP_BEFORE_LAST | T62: 62 | U62: =IF(OR(M62="",M62>Settings!$B$2),"",Settings!$B$2-M62) | V62: =IF(AND(N62<>"",N62<Settings!$B$2,J62<>"Closed"),"Yes","No") -> No | W62: =IF(AND(OR(J62="Initial Contact",J62="In Discussion",J62="Meeting Scheduled",J62="Engaged"),ISNUMBER(U62),U62>Settings!$B$3),"Yes","No") -> No
A63: EMB-062 | B63: Mauritius | C63: Sub-Saharan Africa | D63: Tariq Rossi | E63: First Secretary (Political) | F63: tariq.rossi@mauritius.embassy.example | G63: Yes | H63: +91 97929 92398 | I63: Yes | J63: Engaged | K63: Arjun Mehta | L63: 45873 | M63: 46273 | N63: 46295 | O63: 0 | P63: High | Q63: Event | R63: Co-hosted event in Q2 | S63: STATUS_CONFLICT | T63: 63 | U63: =IF(OR(M63="",M63>Settings!$B$2),"",Settings!$B$2-M63) -> 28 | V63: =IF(AND(N63<>"",N63<Settings!$B$2,J63<>"Closed"),"Yes","No") -> Yes | W63: =IF(AND(OR(J63="Initial Contact",J63="In Discussion",J63="Meeting Scheduled",J63="Engaged"),ISNUMBER(U63),U63>Settings!$B$3),"Yes","No") -> No
A64: EMB-063 | B64: USA | C64: Americas | D64: Aisha Novak | E64: Press & Information Officer | F64: aisha.novak.unitedstates.embassy.example | G64: No | I64: Missing | J64: Meeting Scheduled | K64: Unassigned | L64: 46009 | M64: 46284 | N64: 46324 | O64: 8 | P64: Medium | Q64: Official Letter | R64: Meeting with Ambassador pending | S64: ID_INFERRED; EMAIL_INVALID; PHONE_MISSING; OWNER_MISSING | T64: 64 | U64: =IF(OR(M64="",M64>Settings!$B$2),"",Settings!$B$2-M64) -> 17 | V64: =IF(AND(N64<>"",N64<Settings!$B$2,J64<>"Closed"),"Yes","No") -> No | W64: =IF(AND(OR(J64="Initial Contact",J64="In Discussion",J64="Meeting Scheduled",J64="Engaged"),ISNUMBER(U64),U64>Settings!$B$3),"Yes","No") -> No
A65: EMB-064 | B65: Canada | C65: Americas | D65: Diego Mensah | E65: Second Secretary | F65: diego.mensah@canada | G65: No | H65: +91 11366 28290 | I65: Yes | J65: Engaged | K65: Neha Kulkarni | L65: 45687 | M65: 46212 | N65: 46271 | O65: 10 | P65: High | Q65: Official Letter | R65: Co-hosted event in Q2 | S65: REGION_STD; EMAIL_INVALID | T65: 65 | U65: =IF(OR(M65="",M65>Settings!$B$2),"",Settings!$B$2-M65) -> 89 | V65: =IF(AND(N65<>"",N65<Settings!$B$2,J65<>"Closed"),"Yes","No") -> Yes | W65: =IF(AND(OR(J65="Initial Contact",J65="In Discussion",J65="Meeting Scheduled",J65="Engaged"),ISNUMBER(U65),U65>Settings!$B$3),"Yes","No") -> No
A66: EMB-065 | B66: Mexico | C66: Americas | D66: Elena Costa | E66: Press & Information Officer | F66: elena.costa@mexico.embassy.example | G66: Yes | I66: No | J66: Engaged | K66: Anita Deshmukh | L66: 45797 | M66: 46285 | N66: 46333 | O66: 9 | P66: Not Recorded | Q66: Meeting | R66: Regular quarterly touchpoints | S66: NEAR_DUP_KEPT; PHONE_INVALID; ENG_MISSING | T66: 66 | U66: =IF(OR(M66="",M66>Settings!$B$2),"",Settings!$B$2-M66) -> 16 | V66: =IF(AND(N66<>"",N66<Settings!$B$2,J66<>"Closed"),"Yes","No") -> No | W66: =IF(AND(OR(J66="Initial Contact",J66="In Discussion",J66="Meeting Scheduled",J66="Engaged"),ISNUMBER(U66),U66>Settings!$B$3),"Yes","No") -> No
A67: EMB-066 | B67: Brazil | C67: Americas | D67: Amara Kim | E67: Second Secretary | F67: amara.kim.brazil.embassy.example | G67: No | H67: +91 11827 60821 | I67: Yes | J67: Initial Contact | K67: Neha Kulkarni | L67: 45783 | N67: 46340 | O67: 2 | P67: Low | Q67: Meeting | R67: Note verbale sent | S67: EMAIL_INVALID | T67: 67 | U67: =IF(OR(M67="",M67>Settings!$B$2),"",Settings!$B$2-M67) | V67: =IF(AND(N67<>"",N67<Settings!$B$2,J67<>"Closed"),"Yes","No") -> No | W67: =IF(AND(OR(J67="Initial Contact",J67="In Discussion",J67="Meeting Scheduled",J67="Engaged"),ISNUMBER(U67),U67>Settings!$B$3),"Yes","No") -> No
A68: EMB-067 | B68: Argentina | C68: Americas | D68: Sofia Petrov | E68: Cultural Attache | F68: sofia.petrov.argentina.embassy.example | G68: No | H68: +91 11374 65501 | I68: Yes | J68: Meeting Scheduled | K68: Unassigned | L68: 45794 | M68: 46277 | N68: 46294 | O68: 9 | P68: Medium | Q68: Email | R68: Date to be confirmed | S68: STATUS_STD; EMAIL_INVALID; OWNER_MISSING | T68: 68 | U68: =IF(OR(M68="",M68>Settings!$B$2),"",Settings!$B$2-M68) -> 24 | V68: =IF(AND(N68<>"",N68<Settings!$B$2,J68<>"Closed"),"Yes","No") -> Yes | W68: =IF(AND(OR(J68="Initial Contact",J68="In Discussion",J68="Meeting Scheduled",J68="Engaged"),ISNUMBER(U68),U68>Settings!$B$3),"Yes","No") -> No
A69: EMB-068 | B69: Chile | C69: Americas | D69: Kwame Haddad | E69: Counsellor (Public Affairs) | F69: kwame.haddad@chile.embassy.example | G69: Yes | H69: +91 11650 98680 | I69: Yes | J69: Initial Contact | K69: Anita Deshmukh | L69: 45931 | M69: 46287 | N69: 46305 | P69: Low | Q69: Email | R69: Intro call held | S69: INTERACTIONS_MISSING | T69: 69 | U69: =IF(OR(M69="",M69>Settings!$B$2),"",Settings!$B$2-M69) -> 14 | V69: =IF(AND(N69<>"",N69<Settings!$B$2,J69<>"Closed"),"Yes","No") -> No | W69: =IF(AND(OR(J69="Initial Contact",J69="In Discussion",J69="Meeting Scheduled",J69="Engaged"),ISNUMBER(U69),U69>Settings!$B$3),"Yes","No") -> No
A70: EMB-069 | B70: Colombia | C70: Americas | D70: Aisha Haddad | E70: Protocol Officer | G70: Missing | H70: +91 11394 18341 | I70: Yes | J70: Closed | K70: Anita Deshmukh | L70: 45808 | M70: 46079 | O70: 3 | P70: Low | Q70: Email | R70: Not a fit at this time | S70: REGION_STD; STATUS_STD; EMAIL_MISSING | T70: 70 | U70: =IF(OR(M70="",M70>Settings!$B$2),"",Settings!$B$2-M70) -> 222 | V70: =IF(AND(N70<>"",N70<Settings!$B$2,J70<>"Closed"),"Yes","No") -> No | W70: =IF(AND(OR(J70="Initial Contact",J70="In Discussion",J70="Meeting Scheduled",J70="Engaged"),ISNUMBER(U70),U70>Settings!$B$3),"Yes","No") -> No
A71: EMB-070 | B71: Peru | C71: Americas | D71: Mei Costa | E71: Commercial Counsellor | F71: mei.costa@peru.embassy.example | G71: Yes | H71: +91 93787 76040 | I71: Yes | J71: Initial Contact | K71: Priya Nair | L71: 45965 | M71: 46076 | N71: 46134 | P71: Low | Q71: Meeting | R71: Awaiting acknowledgement | S71: INTERACTIONS_NEG; INTERACTIONS_MISSING | T71: 71 | U71: =IF(OR(M71="",M71>Settings!$B$2),"",Settings!$B$2-M71) -> 225 | V71: =IF(AND(N71<>"",N71<Settings!$B$2,J71<>"Closed"),"Yes","No") -> Yes | W71: =IF(AND(OR(J71="Initial Contact",J71="In Discussion",J71="Meeting Scheduled",J71="Engaged"),ISNUMBER(U71),U71>Settings!$B$3),"Yes","No") -> Yes
A72: EMB-071 | B72: Cuba | C72: Americas | D72: Amara Kim | E72: Cultural Attache | F72: amara.kim@cuba.embassy.example | G72: Yes | H72: +91 11776 60471 | I72: Yes | J72: Meeting Scheduled | K72: Neha Kulkarni | L72: 46072 | M72: 46227 | N72: 46264 | O72: 6 | P72: Medium | Q72: Email | R72: Meeting with Ambassador pending | S72: REGION_FILLED; DATE_TEXT | T72: 72 | U72: =IF(OR(M72="",M72>Settings!$B$2),"",Settings!$B$2-M72) -> 74 | V72: =IF(AND(N72<>"",N72<Settings!$B$2,J72<>"Closed"),"Yes","No") -> Yes | W72: =IF(AND(OR(J72="Initial Contact",J72="In Discussion",J72="Meeting Scheduled",J72="Engaged"),ISNUMBER(U72),U72>Settings!$B$3),"Yes","No") -> No
A73: EMB-072 | B73: Venezuela | C73: Americas | D73: Omar Schmidt | E73: First Secretary (Political) | F73: omar.schmidt@venezuela.embassy.example | G73: Yes | H73: +91 11892 68771 | I73: Yes | J73: Initial Contact | K73: Neha Kulkarni | L73: 45960 | M73: 46287 | N73: 46339 | O73: 2 | P73: Low | Q73: Event | R73: Note verbale sent | T73: 73 | U73: =IF(OR(M73="",M73>Settings!$B$2),"",Settings!$B$2-M73) -> 14 | V73: =IF(AND(N73<>"",N73<Settings!$B$2,J73<>"Closed"),"Yes","No") -> No | W73: =IF(AND(OR(J73="Initial Contact",J73="In Discussion",J73="Meeting Scheduled",J73="Engaged"),ISNUMBER(U73),U73>Settings!$B$3),"Yes","No") -> No
A74: EMB-073 | B74: Ecuador | C74: Americas | D74: Diego Rossi | E74: Protocol Officer | F74: diego.rossi@ecuador.embassy.example | G74: Yes | H74: +91 11589 65164 | I74: Yes | J74: In Discussion | K74: Anita Deshmukh | L74: 46208 | M74: 46278 | N74: 46307 | O74: 4 | P74: Medium | Q74: Meeting | R74: Positive response | T74: 74 | U74: =IF(OR(M74="",M74>Settings!$B$2),"",Settings!$B$2-M74) -> 23 | V74: =IF(AND(N74<>"",N74<Settings!$B$2,J74<>"Closed"),"Yes","No") -> No | W74: =IF(AND(OR(J74="Initial Contact",J74="In Discussion",J74="Meeting Scheduled",J74="Engaged"),ISNUMBER(U74),U74>Settings!$B$3),"Yes","No") -> No
A75: EMB-074 | B75: Guyana | C75: Americas | D75: Elena Rossi | E75: Cultural Attache | F75: elena.rossi@guyana.embassy.example | G75: Yes | I75: Missing | J75: Not Started | K75: Anita Deshmukh | M75: 46210 | O75: 3 | P75: N/A (Not Started) | Q75: N/A (Not Started) | R75: Priority list - Q4 | S75: PHONE_MISSING; STATUS_CONFLICT | T75: 75 | U75: =IF(OR(M75="",M75>Settings!$B$2),"",Settings!$B$2-M75) -> 91 | V75: =IF(AND(N75<>"",N75<Settings!$B$2,J75<>"Closed"),"Yes","No") -> No | W75: =IF(AND(OR(J75="Initial Contact",J75="In Discussion",J75="Meeting Scheduled",J75="Engaged"),ISNUMBER(U75),U75>Settings!$B$3),"Yes","No") -> No
A76: EMB-075 | B76: Panama | C76: Americas | D76: Hiroshi Hassan | E76: Protocol Officer | F76: hiroshi.hassan@panama.embassy.example | G76: Yes | H76: +91 96929 84427 | I76: Yes | J76: Not Started | K76: Rahul Verma | O76: 0 | P76: N/A (Not Started) | Q76: N/A (Not Started) | T76: 76 | U76: =IF(OR(M76="",M76>Settings!$B$2),"",Settings!$B$2-M76) | V76: =IF(AND(N76<>"",N76<Settings!$B$2,J76<>"Closed"),"Yes","No") -> No | W76: =IF(AND(OR(J76="Initial Contact",J76="In Discussion",J76="Meeting Scheduled",J76="Engaged"),ISNUMBER(U76),U76>Settings!$B$3),"Yes","No") -> No
A77: EMB-076 | B77: Uruguay | C77: Americas | D77: Pavel Larsen | E77: Commercial Counsellor | F77: pavel.larsen@uruguay.embassy.example | G77: Yes | I77: Missing | J77: Engaged | K77: Rahul Verma | L77: 45884 | M77: 46277 | N77: 46321 | O77: 8 | P77: Not Recorded | Q77: Event | R77: Co-hosted event in Q2 | S77: PHONE_MISSING; ENG_MISSING | T77: 77 | U77: =IF(OR(M77="",M77>Settings!$B$2),"",Settings!$B$2-M77) -> 24 | V77: =IF(AND(N77<>"",N77<Settings!$B$2,J77<>"Closed"),"Yes","No") -> No | W77: =IF(AND(OR(J77="Initial Contact",J77="In Discussion",J77="Meeting Scheduled",J77="Engaged"),ISNUMBER(U77),U77>Settings!$B$3),"Yes","No") -> No
A78: EMB-077 | B78: Bangladesh | C78: South & Central Asia | D78: Carla Hassan | E78: First Secretary (Political) | F78: carla.hassan@bangladesh.embassy.example | G78: Yes | I78: Missing | J78: Initial Contact | K78: Rahul Verma | L78: 45844 | M78: 46276 | P78: Low | Q78: Email | R78: Awaiting acknowledgement | S78: PHONE_MISSING; FOLLOWUP_MISSING; INTERACTIONS_MISSING | T78: 78 | U78: =IF(OR(M78="",M78>Settings!$B$2),"",Settings!$B$2-M78) -> 25 | V78: =IF(AND(N78<>"",N78<Settings!$B$2,J78<>"Closed"),"Yes","No") -> No | W78: =IF(AND(OR(J78="Initial Contact",J78="In Discussion",J78="Meeting Scheduled",J78="Engaged"),ISNUMBER(U78),U78>Settings!$B$3),"Yes","No") -> No
A79: EMB-078 | B79: Sri Lanka | C79: South & Central Asia | D79: Fatima Kim | E79: First Secretary (Political) | F79: fatima.kim@srilanka.embassy.example | G79: Yes | H79: +91 11702 95292 | I79: Yes | J79: On Hold | K79: Sameer Khan | L79: 46314 | M79: 45847 | N79: 46380 | O79: 5 | P79: Low | Q79: Phone | R79: Awaiting HQ approval | S79: DATE_ORDER; DATE_FUTURE_FIRST | T79: 79 | U79: =IF(OR(M79="",M79>Settings!$B$2),"",Settings!$B$2-M79) -> 454 | V79: =IF(AND(N79<>"",N79<Settings!$B$2,J79<>"Closed"),"Yes","No") -> No | W79: =IF(AND(OR(J79="Initial Contact",J79="In Discussion",J79="Meeting Scheduled",J79="Engaged"),ISNUMBER(U79),U79>Settings!$B$3),"Yes","No") -> No
A80: EMB-079 | B80: Nepal | C80: South & Central Asia | D80: Sofia Rossi | E80: Press & Information Officer | G80: Missing | H80: +91 91145 94609 | I80: Yes | J80: Engaged | K80: Priya Nair | L80: 46009 | M80: 46211 | N80: 46227 | O80: 10 | P80: Medium | Q80: Email | R80: Regular quarterly touchpoints | S80: DATE_TEXT; EMAIL_MISSING | T80: 80 | U80: =IF(OR(M80="",M80>Settings!$B$2),"",Settings!$B$2-M80) -> 90 | V80: =IF(AND(N80<>"",N80<Settings!$B$2,J80<>"Closed"),"Yes","No") -> Yes | W80: =IF(AND(OR(J80="Initial Contact",J80="In Discussion",J80="Meeting Scheduled",J80="Engaged"),ISNUMBER(U80),U80>Settings!$B$3),"Yes","No") -> No
A81: EMB-080 | B81: Bhutan | C81: South & Central Asia | D81: Kwame Garcia | E81: Commercial Counsellor | F81: kwame.garcia@bhutan.embassy.example | G81: Yes | H81: +91 11808 37819 | I81: Yes | J81: Initial Contact | K81: Arjun Mehta | L81: 45738 | M81: 46206 | N81: 46224 | O81: 1 | P81: Not Recorded | Q81: Email | R81: Note verbale sent | S81: ENG_MISSING | T81: 81 | U81: =IF(OR(M81="",M81>Settings!$B$2),"",Settings!$B$2-M81) -> 95 | V81: =IF(AND(N81<>"",N81<Settings!$B$2,J81<>"Closed"),"Yes","No") -> Yes | W81: =IF(AND(OR(J81="Initial Contact",J81="In Discussion",J81="Meeting Scheduled",J81="Engaged"),ISNUMBER(U81),U81>Settings!$B$3),"Yes","No") -> Yes
A82: EMB-081 | B82: Maldives | C82: South & Central Asia | D82: Pavel Costa | E82: Counsellor (Public Affairs) | G82: Missing | H82: +91 11721 02549 | I82: Yes | J82: In Discussion | K82: Arjun Mehta | L82: 45840 | M82: 46193 | N82: 46242 | O82: 5 | P82: Medium | Q82: Email | R82: Exploring joint programme | S82: DATE_TEXT; EMAIL_MISSING | T82: 82 | U82: =IF(OR(M82="",M82>Settings!$B$2),"",Settings!$B$2-M82) -> 108 | V82: =IF(AND(N82<>"",N82<Settings!$B$2,J82<>"Closed"),"Yes","No") -> Yes | W82: =IF(AND(OR(J82="Initial Contact",J82="In Discussion",J82="Meeting Scheduled",J82="Engaged"),ISNUMBER(U82),U82>Settings!$B$3),"Yes","No") -> Yes
A83: EMB-082 | B83: Kazakhstan | C83: Asia-Pacific | D83: Amara Alvarez | E83: Press & Information Officer | F83: amara.alvarez@kazakhstan.embassy.example | G83: Yes | H83: +91 99516 85424 | I83: Yes | J83: Meeting Scheduled | K83: Priya Nair | L83: 46192 | M83: 46281 | N83: 46312 | O83: 7 | P83: High | Q83: Email | R83: Date to be confirmed | S83: REGION_REVIEW; DATE_TEXT | T83: 83 | U83: =IF(OR(M83="",M83>Settings!$B$2),"",Settings!$B$2-M83) -> 20 | V83: =IF(AND(N83<>"",N83<Settings!$B$2,J83<>"Closed"),"Yes","No") -> No | W83: =IF(AND(OR(J83="Initial Contact",J83="In Discussion",J83="Meeting Scheduled",J83="Engaged"),ISNUMBER(U83),U83>Settings!$B$3),"Yes","No") -> No
A84: EMB-083 | B84: Uzbekistan | C84: South & Central Asia | D84: Andrei Haddad | E84: Press & Information Officer | F84: andrei.haddad@uzbekistan.embassy.example | G84: Yes | H84: +91 96340 56135 | I84: Yes | J84: Initial Contact | K84: Priya Nair | L84: 46092 | M84: 46251 | N84: 46275 | O84: 2 | P84: Low | Q84: Official Letter | R84: Introductory email sent | T84: 84 | U84: =IF(OR(M84="",M84>Settings!$B$2),"",Settings!$B$2-M84) -> 50 | V84: =IF(AND(N84<>"",N84<Settings!$B$2,J84<>"Closed"),"Yes","No") -> Yes | W84: =IF(AND(OR(J84="Initial Contact",J84="In Discussion",J84="Meeting Scheduled",J84="Engaged"),ISNUMBER(U84),U84>Settings!$B$3),"Yes","No") -> No
A85: EMB-084 | B85: Afghanistan | C85: South & Central Asia | D85: Fatima Zhang | E85: Second Secretary | F85: fatima.zhang@afghanistan.embassy.example | G85: Yes | I85: Missing | J85: Not Started | K85: Sameer Khan | O85: 0 | P85: N/A (Not Started) | Q85: N/A (Not Started) | S85: PHONE_MISSING | T85: 85 | U85: =IF(OR(M85="",M85>Settings!$B$2),"",Settings!$B$2-M85) | V85: =IF(AND(N85<>"",N85<Settings!$B$2,J85<>"Closed"),"Yes","No") -> No | W85: =IF(AND(OR(J85="Initial Contact",J85="In Discussion",J85="Meeting Scheduled",J85="Engaged"),ISNUMBER(U85),U85>Settings!$B$3),"Yes","No") -> No

Sheet Removed_Rows
A1: Source_Row (Raw_Data) | B1: Embassy_ID | C1: Country | D1: Contact_Person | E1: Outreach_Status | F1: Reason removed
A2: 86 | B2: EMB-066 | C2: Brazil | D2: Amara Kim | E2: Initial Contact | F2: Exact duplicate of an earlier row (same ID, country, contact)
A3: 87 | B3: EMB-010 | C3: Sweden | D3: Joao Garcia | E3: Initial Contact Made | F3: Exact duplicate of an earlier row (same ID, country, contact)
A4: 88 | B4: EMB-051 | C4: Kenya | D4: Joao Nguyen | E4: Not Started | F4: Exact duplicate of an earlier row (same ID, country, contact)
A5: 89 | B5: EMB-037 | C5: Qatar | D5: Carla Haddad | E5: Engaged | F5: Exact duplicate of an earlier row (same ID, country, contact)
A6: 90 | B6: EMB-094 | C6: Mexico | D6: Pedro Nguyen | E6: Engaged | F6: Near-duplicate: same country, email, dates and counts as an earlier record under a different ID/contact
A7: 91 | B7: EMB-095 | C7: Singapore | D7: Tariq Kim | E7: Closed | F7: Near-duplicate: same country, email, dates and counts as an earlier record under a different ID/contact
A8: 92 | B8: EMB-096 | C8: GHANA | D8: Aisha Zhang | E8: Engaged | F8: Near-duplicate: same country, email, dates and counts as an earlier record under a different ID/contact

Sheet Cleaning_Log
A1: Cleaning Log - every change made between Raw_Data and Clean_Data
A3: Flag code | B3: Field | C3: Issue found | D3: Action taken | E3: Rows affected
A4: (removed) | B4: All | C4: Exact duplicate rows (EMB-010, 037, 051, 066) and near-duplicates (Mexico, Ghana, Singapore re-entered under new IDs/contacts) | D4: Removed from Clean_Data, listed on Removed_Rows; original record kept | E4: =COUNTA(Removed_Rows!A2:A100) -> 7
A5: NEAR_DUP_KEPT | B5: All | C5: Original record of a country that had a near-duplicate - contact needs confirming with the owner | D5: Kept; flagged for review | E5: =COUNTIF(Clean_Data!$S:$S,"*NEAR_DUP_KEPT*") -> 3
A6: ID_INFERRED | B6: Embassy_ID | C6: Missing ID (Senegal, USA) | D6: Filled from the ID sequence (EMB-060, EMB-063); to be confirmed | E6: =COUNTIF(Clean_Data!$S:$S,"*ID_INFERRED*") -> 2
A7: COUNTRY_STD | B7: Country | C7: Case / spacing (" Germany", "france", "GHANA") | D7: Trimmed and title-cased | E7: =COUNTIF(Clean_Data!$S:$S,"*COUNTRY_STD*") -> 3
A8: REGION_STD | B8: Region | C8: Variant spellings (europe, Sub Saharan Africa, N. America, MENA) | D8: Mapped to 6 standard regions | E8: =COUNTIF(Clean_Data!$S:$S,"*REGION_STD*") -> 8
A9: REGION_FILLED | B9: Region | C9: Blank region | D9: Filled from country (Italy, Greece -> Europe; Japan -> Asia-Pacific; Israel -> MENA; Cuba -> Americas) | E9: =COUNTIF(Clean_Data!$S:$S,"*REGION_FILLED*") -> 5
A10: REGION_REVIEW | B10: Region | C10: Kazakhstan sits in Asia-Pacific while other Central Asian states are in South & Central Asia | D10: Left as recorded; flagged for a regional-mapping decision | E10: =COUNTIF(Clean_Data!$S:$S,"*REGION_REVIEW*") -> 1
A11: STATUS_STD | B11: Outreach_Status | C11: 15 spellings for 7 statuses (Hold / On Hold, Initial Contact Made, lower-case) | D11: Standardised to: Not Started, Initial Contact, In Discussion, Meeting Scheduled, Engaged, On Hold, Closed | E11: =COUNTIF(Clean_Data!$S:$S,"*STATUS_STD*") -> 13
A12: DATE_TEXT | B12: Dates | C12: Dates stored as text (dd/mm/yyyy or yyyy-mm-dd) | D12: Converted to real dates (dd/mm/yyyy read as day-first) | E12: =COUNTIF(Clean_Data!$S:$S,"*DATE_TEXT*") -> 8
A13: DATE_ORDER | B13: Dates | C13: Last contact earlier than first contact | D13: Kept as recorded; flagged (needs source check) | E13: =COUNTIF(Clean_Data!$S:$S,"*DATE_ORDER*") -> 4
A14: DATE_FUTURE_FIRST | B14: Dates | C14: First contact date later than the as-of date | D14: Kept; flagged | E14: =COUNTIF(Clean_Data!$S:$S,"*DATE_FUTURE_FIRST*") -> 1
A15: DATE_FUTURE_LAST | B15: Dates | C15: Last contact date later than the as-of date (e.g. 01-Jan-2027) | D15: Kept; Days_Since_Last_Contact left blank for these; flagged | E15: =COUNTIF(Clean_Data!$S:$S,"*DATE_FUTURE_LAST*") -> 3
A16: FOLLOWUP_BEFORE_LAST | B16: Dates | C16: Next follow-up date earlier than last contact date | D16: Kept; flagged | E16: =COUNTIF(Clean_Data!$S:$S,"*FOLLOWUP_BEFORE_LAST*") -> 2
A17: INTERACTIONS_NEG | B17: Interactions | C17: Negative interaction count (-3) | D17: Set to blank (true value unknown); flagged | E17: =COUNTIF(Clean_Data!$S:$S,"*INTERACTIONS_NEG*") -> 1
A18: INTERACTIONS_MISSING | B18: Interactions | C18: Blank interaction count on an active embassy | D18: Left blank (not assumed to be 0); flagged | E18: =COUNTIF(Clean_Data!$S:$S,"*INTERACTIONS_MISSING*") -> 5
A19: STATUS_CONFLICT | B19: Status vs activity | C19: Not Started with recorded contact/interactions, or an active status with 0 interactions | D19: Kept as recorded; flagged for owner confirmation | E19: =COUNTIF(Clean_Data!$S:$S,"*STATUS_CONFLICT*") -> 7
A20: OWNER_MISSING | B20: Outreach_Owner | C20: No owner assigned | D20: Labelled "Unassigned" | E20: =COUNTIF(Clean_Data!$S:$S,"*OWNER_MISSING*") -> 8
A21: ENG_MISSING | B21: Engagement_Level | C21: Blank on an embassy where outreach has begun | D21: Labelled "Not Recorded" (blank on Not Started rows = "N/A (Not Started)") | E21: =COUNTIF(Clean_Data!$S:$S,"*ENG_MISSING*") -> 10
A22: CHANNEL_MISSING | B22: Channel | C22: Blank on an embassy where outreach has begun | D22: Labelled "Not Recorded" | E22: =COUNTIF(Clean_Data!$S:$S,"*CHANNEL_MISSING*") -> 0
A23: FOLLOWUP_MISSING | B23: Next_Followup_Date | C23: Active embassy with no follow-up date scheduled | D23: Left blank; flagged | E23: =COUNTIF(Clean_Data!$S:$S,"*FOLLOWUP_MISSING*") -> 7
A24: EMAIL_MISSING | B24: Email | C24: Blank email | D24: Flagged (Email_Valid = Missing) | E24: =COUNTIF(Clean_Data!$S:$S,"*EMAIL_MISSING*") -> 7
A25: EMAIL_INVALID | B25: Email | C25: Malformed email (missing @ or domain) | D25: Original text kept; flagged (Email_Valid = No) | E25: =COUNTIF(Clean_Data!$S:$S,"*EMAIL_INVALID*") -> 6
A26: PHONE_MISSING | B26: Phone | C26: Blank phone | D26: Flagged (Phone_Valid = Missing) | E26: =COUNTIF(Clean_Data!$S:$S,"*PHONE_MISSING*") -> 8
A27: PHONE_INVALID | B27: Phone | C27: Too few digits / incomplete number | D27: Cleared in Phone_Clean; flagged. Valid numbers reformatted to +91 XXXXX XXXXX | E27: =COUNTIF(Clean_Data!$S:$S,"*PHONE_INVALID*") -> 4
A29: Note: a row can carry several flags, so counts overlap and do not add up to a row total.

Sheet Raw_Data
A1: Embassy_ID | B1: Country | C1: Region | D1: Contact_Person | E1: Designation | F1: Email | G1: Phone | H1: Outreach_Status | I1: Outreach_Owner | J1: First_Contact_Date | K1: Last_Contact_Date | L1: Next_Followup_Date | M1: Interactions | N1: Engagement_Level | O1: Channel | P1: Remarks
A2: EMB-001 | B2: france | C2: Europe | D2: Mei Schmidt | E2: Counsellor (Public Affairs) | F2: mei.schmidt@france.embassy.example | G2: +91 91399 86987 | H2: Not Started | I2: Neha Kulkarni | M2: 0 | P2: Priority list - Q4
A3: EMB-002 | B3: Germany | C3: Europe | D3: Stefan Haddad | E3: Commercial Counsellor | F3: stefan.haddad@germany.embassy.example | G3: +911181707536 | H3: Initial Contact Made | I3: Priya Nair | J3: 46057 | K3: 46078 | L3: 46132 | M3: 1 | N3: Low | O3: Email | P3: Intro call held
A4: EMB-003 | B4: Italy | D4: Kwame Okafor | E4: Counsellor (Public Affairs) | F4: kwame.okafor@italy.embassy.example | G4: +91 11 2698 7168 | H4: On Hold | I4: Neha Kulkarni | J4: 46079 | K4: 46143 | L4: 46257 | M4: 6 | O4: Phone | P4: Awaiting HQ approval
A5: EMB-004 | B5: Spain | C5: Europe | D5: Leila Bergstrom | E5: Protocol Officer | F5: leila.bergstrom@spain.embassy.example | G5: +91 11 3731 7784 | H5: Engaged | I5: Sameer Khan | J5: 46233 | K5: 46248 | L5: 46287 | M5: 19 | N5: High | O5: Phone | P5: Regular quarterly touchpoints
A6: EMB-005 | B6: Portugal | C6: Europe | D6: Omar Khalil | E6: Counsellor (Public Affairs) | F6: omar.khalil@portugal.embassy.example | G6: +91 97876 80457 | H6: In Discussion | I6: Anita Deshmukh | J6: 46199 | K6: 46270 | L6: 46295 | M6: 8 | N6: Low | O6: Official Letter | P6: Positive response
A7: EMB-006 | B7: Netherlands | C7: Europe | D7: Carla Alvarez | E7: Counsellor (Public Affairs) | F7: carla.alvarez@netherlands.embassy.example | G7: +91 11 8193 3190 | H7: not started | I7: Neha Kulkarni | K7: 46249 | M7: 2 | P7: Contact details to be verified
A8: EMB-007 | B8: Belgium | C8: Europe | D8: Amara Okafor | E8: Protocol Officer | F8: amara.okafor@belgium.embassy.example | G8: +91 11 4997 2837 | H8: Engaged | I8: Rahul Verma | J8: 45758 | K8: 46294 | L8: 46316 | N8: Medium | O8: Event | P8: Regular quarterly touchpoints
A9: EMB-008 | B9: Switzerland | C9: Europe | D9: Elena Rossi | E9: Protocol Officer | F9: elena.rossi@switzerland.embassy.example | G9: +91 11 4475 1779 | H9: Meeting Scheduled | I9: Rahul Verma | J9: 46204 | K9: 46280 | O9: Official Letter | P9: Meeting with Ambassador pending
A10: EMB-009 | B10: Austria | C10: Europe | D10: Amara Petrov | E10: Second Secretary | G10: +91 11 7028 3 | H10: not started | M10: 0 | P10: Priority list - Q4
A11: EMB-010 | B11: Sweden | C11: Europe | D11: Joao Garcia | E11: Commercial Counsellor | F11: joao.garcia@sweden.embassy.example | G11: +91 96425 24776 | H11: Initial Contact Made | I11: Sameer Khan | J11: 46005 | M11: 2 | N11: Medium | O11: Event | P11: Awaiting acknowledgement
A12: EMB-011 | B12: Norway | C12: Europe | D12: Diego Mensah | E12: Second Secretary | F12: diego.mensah@norway.embassy.example | G12: +91 95258 98319 | H12: On Hold | I12: Priya Nair | J12: 2025-08-22 | K12: 46233 | L12: 46310 | M12: 2 | N12: Low | O12: Email | P12: Paused - elections
A13: EMB-012 | B13: Denmark | C13: Europe | D13: Mei Moreau | E13: First Secretary (Political) | F13: mei.moreau@denmark.embassy.example | G13: +91 11 8145 2441 | H13: Meeting Scheduled | I13: Sameer Khan | J13: 46096 | K13: 46195 | L13: 46215 | M13: 6 | N13: Medium | O13: Email | P13: Date to be confirmed
A14: EMB-013 | B14: Finland | C14: Europe | D14: Stefan Petrov | E14: First Secretary (Political) | F14: stefan.petrov@finland.embassy.example | G14: +91 11 5158 4645 | H14: In Discussion | I14: Arjun Mehta | J14: 45696 | K14: 46289 | L14: 46321 | M14: 5 | N14: Medium | O14: Email | P14: Positive response
A15: EMB-014 | B15: Poland | C15: Europe | D15: Aisha Tanaka | E15: Press & Information Officer | F15: aisha.tanaka@poland.embassy.example | G15: +91 11 4940 6925 | H15: Meeting Scheduled | I15: Sameer Khan | J15: 45917 | K15: 46383 | M15: 8 | N15: Medium | O15: Phone | P15: Date to be confirmed
A16: EMB-015 | B16: Czechia | C16: europe | D16: Sofia Larsen | E16: Counsellor (Public Affairs) | F16: sofia.larsen@czechrepubli.embassy.example | G16: +91 99128 08458 | H16: In Discussion | I16: Arjun Mehta | J16: 45729 | K16: 46269 | L16: 46323 | M16: 6 | N16: High | O16: Official Letter | P16: Reviewing MoU wording
A17: EMB-016 | B17: Hungary | C17: Europe | D17: Fatima Moreau | E17: Cultural Attache | F17: fatima.moreau@hungary.embassy.example | H17: Initial Contact | I17: Arjun Mehta | J17: 45829 | K17: 46299 | M17: 2 | N17: Low | O17: Official Letter | P17: Note verbale sent
A18: EMB-017 | B18: Greece | D18: Omar Alvarez | E18: First Secretary (Political) | F18: omar.alvarez@greece.embassy.example | G18: +91 11 2668 8281 | H18: Not Started | I18: Rahul Verma | M18: 0 | P18: Priority list - Q4
A19: EMB-018 | B19: Ireland | C19: Europe | D19: Fatima Novak | E19: Cultural Attache | F19: fatima.novak@ireland.embassy.example | G19: +91 11 6324 4845 | H19: In Discussion | I19: Sameer Khan | J19: 45681 | K19: 46087 | L19: 46128 | M19: 0 | N19: Medium | O19: Phone | P19: Draft proposal shared
A20: EMB-019 | B20: UK | C20: europe | D20: Amara Rossi | E20: Cultural Attache | F20: amara.rossi@unitedkingdo.embassy.example | G20: +91 91543 82993 | H20: On Hold | I20: Anita Deshmukh | J20: 46168 | K20: 46273 | L20: 46379 | M20: 4 | N20: Low | O20: Event | P20: Awaiting HQ approval
A21: EMB-020 | B21: Russian Federation | C21: Europe | D21: Carla Alvarez | E21: Press & Information Officer | F21: carla.alvarez@russia.embassy.example | G21: +91 11 2174 4325 | H21: Engaged | I21: Neha Kulkarni | J21: 46002 | K21: 46083 | L21: 46122 | M21: 18 | N21: High | O21: Event | P21: Regular quarterly touchpoints
A22: EMB-021 | B22: Japan | D22: Omar Larsen | E22: Counsellor (Public Affairs) | F22: omar.larsen@japan.embassy.example | G22: +91 11 6264 5154 | H22: Meeting Scheduled | I22: Sameer Khan | J22: 45820 | K22: 46252 | L22: 46280 | M22: 8 | N22: Medium | O22: Meeting | P22: Date to be confirmed
A23: EMB-022 | B23: Korea (South) | C23: Asia-Pacific | D23: Sofia Silva | E23: Second Secretary | F23: sofia.silva@southkorea.embassy.example | G23: +91 97883 65506 | H23: Engaged | I23: Rahul Verma | J23: 45945 | K23: 46253 | L23: 46275 | M23: 0 | O23: Meeting | P23: Embassy declined further participation
A24: EMB-023 | B24: China | C24: Asia-Pacific | D24: Fatima Moreau | E24: Second Secretary | F24: fatima.moreau@china.embassy.example | G24: +91 11 3784 9518 | H24: Engaged | I24: Rahul Verma | J24: 45769 | K24: 46292 | L24: 46335 | M24: 8 | N24: High | O24: Email | P24: Active collaboration
A25: EMB-024 | B25: Indonesia | C25: Asia-Pacific | D25: Andrei Tanaka | E25: Protocol Officer | F25: andrei.tanaka@indonesia.embassy.example | G25: +91 11 7837 5555 | H25: Initial Contact | J25: 46172 | K25: 46173 | L25: 46228 | M25: 2 | N25: Medium | O25: Meeting | P25: Intro call held
A26: EMB-025 | B26: Malaysia | C26: Asia-Pacific | D26: Nadia Tanaka | E26: Protocol Officer | F26: nadia.tanaka@malaysia.embassy.example | G26: +91 91884 79 | H26: Initial Contact | I26: Priya Nair | J26: 45997 | K26: 46246 | L26: 46271 | M26: 1 | N26: Medium | O26: Meeting | P26: Note verbale sent
A27: EMB-026 | B27: Singapore | C27: Asia-Pacific | D27: Omar Rossi | E27: Counsellor (Public Affairs) | F27: omar.rossi@singapore.embassy.example | G27: +91 11 3688 2834 | H27: Closed | I27: Arjun Mehta | J27: 45811 | K27: 46216 | M27: 2 | N27: Low | O27: Email | P27: Declined - policy restrictions
A28: EMB-027 | B28: Thailand | C28: Asia-Pacific | D28: Diego Alvarez | E28: Second Secretary | F28: diego.alvarez@thailand.embassy.example | G28: +91 11 7044 2248 | H28: Engaged | I28: Priya Nair | J28: 46140 | K28: 46277 | L28: 46294 | M28: 12 | N28: High | O28: Event | P28: Co-hosted event in Q2
A29: EMB-028 | B29: Vietnam | C29: Asia-Pacific | D29: Diego Garcia | E29: Commercial Counsellor | F29: diego.garcia@vietnam.embassy.example | G29: +91 11 4280 7001 | H29: Not Started | I29: Neha Kulkarni | K29: 46199 | M29: 1 | P29: Contact details to be verified
A30: EMB-029 | B30: Philippines | C30: Asia-Pacific | D30: Elena Mensah | E30: Second Secretary | F30: elena.mensah@philippines.embassy.example | G30: +91 11 8166 3233 | H30: In Discussion | I30: Sameer Khan | J30: 46053 | K30: 46272 | L30: 46313 | M30: 6 | N30: Medium | O30: Email | P30: Draft proposal shared
A31: EMB-030 | B31: Australia | C31: Asia-Pacific | D31: Pavel Petrov | E31: Cultural Attache | F31: pavel.petrov@australia.embassy.example | G31: +91 11 2592 1236 | H31: On hold | I31: Sameer Khan | J31: 46232 | K31: 46241 | L31: 46348 | M31: 6 | N31: Low | O31: Event | P31: Embassy leadership change
A32: EMB-031 | B32: New Zealand | C32: Asia-Pacific | D32: Kwame Yilmaz | E32: Press & Information Officer | F32: kwame.yilmaz@newzealand.embassy.example | G32: +91 11 7908 5417 | H32: Meeting Scheduled | I32: Priya Nair | J32: 46210 | K32: 46218 | L32: 46250 | M32: 8 | O32: Phone | P32: Venue finalised
A33: EMB-032 | B33: Mongolia | C33: Asia-Pacific | D33: Elena Larsen | E33: First Secretary (Political) | F33: elena.larsen@mongolia.embassy.example | G33: +91 92016 12840 | H33: In Discussion | I33: Arjun Mehta | J33: 46205 | L33: 46307 | M33: 5 | N33: Medium | O33: Phone | P33: Exploring joint programme
A34: EMB-033 | B34: Myanmar | C34: Asia-Pacific | D34: Stefan Mensah | E34: First Secretary (Political) | F34: stefan.mensah@myanmar | G34: +91 11 8197 9678 | H34: in discussion | I34: Sameer Khan | J34: 46065 | K34: 46236 | L34: 14/09/2026 | M34: 5 | N34: Medium | O34: Meeting | P34: Draft proposal shared
A35: EMB-034 | B35: Cambodia | C35: Asia-Pacific | D35: Mei Silva | E35: Counsellor (Public Affairs) | F35: mei.silva@cambodia.embassy.example | G35: +91 11 8391 8276 | H35: In Discussion | J35: 46097 | K35: 46299 | L35: 46328 | M35: 3 | N35: Low | O35: Email | P35: Embassy declined further participation
A36: EMB-035 | B36: UAE | C36: Middle East & North Africa | D36: Leila Nguyen | E36: Second Secretary | F36: leila.nguyen@unitedarabem.embassy.example | G36: +91 11 5805 7803 | H36: Hold | I36: Arjun Mehta | J36: 45720 | K36: 46294 | L36: 46395 | M36: 4 | N36: Low | O36: Email | P36: Awaiting HQ approval
A37: EMB-036 | B37: Saudi Arabia | C37: MENA | D37: Nadia Nguyen | E37: First Secretary (Political) | F37: nadia.nguyen@saudiarabia.embassy.example | G37: +91 11 8085 3867 | H37: Meeting Scheduled | I37: Rahul Verma | J37: 45687 | K37: 46282 | L37: 46301 | M37: 8 | N37: High | O37: Official Letter | P37: Meeting with Ambassador pending
A38: EMB-037 | B38: Qatar | C38: Middle East & North Africa | D38: Carla Haddad | E38: Cultural Attache | F38: carla.haddad@qatar.embassy.example | G38: +91 11 2298 3725 | H38: Engaged | I38: Sameer Khan | J38: 45814 | K38: 46287 | L38: 46306 | M38: 16 | N38: High | O38: Meeting | P38: Active collaboration
A39: EMB-038 | B39: Kuwait | C39: Middle East & North Africa | D39: Yuki Zhang | E39: Second Secretary | F39: yuki.zhang@kuwait.embassy.example | G39: +91 99992 48005 | H39: Initial Contact | I39: Rahul Verma | J39: 45771 | K39: 46332 | L39: 46308 | M39: 2 | N39: Low | O39: Official Letter | P39: Note verbale sent
A40: EMB-039 | B40: Oman | C40: Middle East & North Africa | D40: Amara Rossi | E40: Press & Information Officer | F40: amara.rossi@oman.embassy.example | G40: +91 11 2135 7164 | H40: In Discussion | J40: 45928 | K40: 46280 | L40: 46320 | M40: 5 | O40: Meeting | P40: Reviewing MoU wording
A41: EMB-040 | B41: Bahrain | C41: Middle East & North Africa | D41: Yuki Zhang | E41: Press & Information Officer | F41: yuki.zhang@bahrain.embassy.example | G41: +91 95213 62958 | H41: engaged | I41: Rahul Verma | J41: 46227 | K41: 46245 | M41: 20 | N41: High | O41: Email | P41: Regular quarterly touchpoints
A42: EMB-041 | B42: Iran | C42: Middle East & North Africa | D42: Diego Alvarez | E42: Commercial Counsellor | F42: diego.alvarez@iran.embassy.example | G42: 1157094098 | H42: Hold | I42: Neha Kulkarni | J42: 46095 | K42: 46277 | L42: 46377 | M42: 6 | O42: Phone | P42: Awaiting HQ approval
A43: EMB-042 | B43: Iraq | C43: Middle East & North Africa | D43: Stefan Okafor | E43: Cultural Attache | F43: stefan.okafor@iraq.embassy.example | G43: +91 93896 50133 | H43: In Discussion | I43: Sameer Khan | J43: 46156 | K43: 2026-05-27 | L43: 46210 | M43: 5 | N43: Medium | O43: Phone | P43: Positive response
A44: EMB-043 | B44: Israel | D44: Aisha Garcia | E44: First Secretary (Political) | F44: aisha.garcia@israel.embassy.example | G44: +91 11 4011 5276 | H44: On Hold | I44: Arjun Mehta | J44: 45867 | K44: 46068 | L44: 46183 | M44: 2 | N44: Low | O44: Email | P44: Embassy leadership change
A45: EMB-044 | B45: Jordan | C45: Middle East & North Africa | D45: Andrei Larsen | E45: Press & Information Officer | F45: andrei.larsen@jordan.embassy.example | G45: +911177617 | H45: Closed | I45: Priya Nair | J45: 45772 | K45: 46105 | M45: 2 | N45: Low | O45: Meeting | P45: Not a fit at this time
A46: EMB-045 | B46: Egypt | C46: Sub-Saharan Africa | D46: Fatima Garcia | E46: Press & Information Officer | F46: fatima.garcia@egypt.embassy.example | G46: +91-9351619945 | H46: Engaged | I46: Neha Kulkarni | J46: 45911 | K46: 46231 | L46: 46278 | M46: 10 | N46: High | O46: Email | P46: Regular quarterly touchpoints
A47: EMB-046 | B47: Morocco | C47: Middle East & North Africa | D47: Pavel Alvarez | E47: First Secretary (Political) | F47: pavel.alvarez@morocco.embassy.example | G47: +91 11 4844 4193 | H47: Closed | I47: Rahul Verma | J47: 46235 | K47: 46017 | N47: Low | O47: Official Letter | P47: Not a fit at this time
A48: EMB-047 | B48: Algeria | C48: Middle East & North Africa | D48: Carla Alvarez | E48: First Secretary (Political) | F48: carla.alvarez@algeria.embassy.example | G48: +91 11 5505 6547 | H48: Engaged | I48: Priya Nair | J48: 46149 | L48: 46358 | M48: 0 | N48: High | O48: Official Letter | P48: Joint working group formed
A49: EMB-048 | B49: Turkey | C49: Europe | D49: Omar Petrov | E49: Second Secretary | G49: +91 11 3205 9871 | H49: Initial Contact | I49: Neha Kulkarni | J49: 45968 | K49: 46272 | L49: 46312 | M49: 1 | N49: Medium | O49: Phone | P49: Introductory email sent
A50: EMB-049 | B50: South Africa | C50: Sub-Saharan Africa | D50: Pavel Rossi | E50: Cultural Attache | F50: pavel.rossi.southafrica.embassy.example | G50: +91 94658 73064 | H50: On Hold | I50: Priya Nair | J50: 46221 | K50: 46287 | L50: 46392 | N50: Low | O50: Event | P50: Paused - elections
A51: EMB-050 | B51: Nigeria | C51: Sub Saharan Africa | D51: Andrei Petrov | E51: Counsellor (Public Affairs) | F51: andrei.petrov@nigeria.embassy.example | G51: +91 11 7789 2352 | H51: Engaged | I51: Arjun Mehta | J51: 2025-02-15 | K51: 46160 | L51: 46203 | M51: 12 | N51: Medium | O51: Email | P51: Embassy declined further participation
A52: EMB-051 | B52: Kenya | C52: Sub-Saharan Africa | D52: Joao Nguyen | E52: Cultural Attache | F52: joao.nguyen@kenya.embassy.example | G52: +91 11 6137 8522 | H52: Not Started | M52: 0 | P52: Contact details to be verified
A53: EMB-052 | B53: Ethiopia | C53: Sub Saharan Africa | D53: Yuki Khalil | E53: Second Secretary | F53: yuki.khalil@ethiopia.embassy.example | H53: Engaged | I53: Neha Kulkarni | J53: 45965 | K53: 46073 | L53: 46090 | M53: 10 | N53: High | O53: Official Letter | P53: Co-hosted event in Q2
A54: EMB-053 | B54: Ghana | C54: Sub-Saharan Africa | D54: Omar Novak | E54: Second Secretary | F54: omar.novak@ghana.embassy.example | G54: +911176175442 | H54: Engaged | I54: Anita Deshmukh | J54: 46292 | K54: 45970 | L54: 46290 | M54: 6 | N54: High | O54: Phone | P54: Active collaboration
A55: EMB-054 | B55: Tanzania | C55: Sub-Saharan Africa | D55: Sofia Nguyen | E55: Counsellor (Public Affairs) | F55: sofia.nguyen@tanzania.embassy.example | G55: +91 93059 77605 | H55: In Discussion | I55: Priya Nair | J55: 46226 | K55: 46246 | M55: 6 | N55: High | O55: Phone | P55: Draft proposal shared
A56: EMB-055 | B56: Uganda | C56: Sub-Saharan Africa | D56: Tariq Sato | E56: Second Secretary | F56: tariq.sato@uganda.embassy.example | G56: +91 11 7514 1363 | H56: Hold | I56: Rahul Verma | J56: 46288 | K56: 45890 | L56: 46338 | M56: 5 | N56: Low | O56: Email | P56: Awaiting HQ approval
A57: EMB-056 | B57: Zambia | C57: Sub-Saharan Africa | D57: Ingrid Novak | E57: Counsellor (Public Affairs) | F57: ingrid.novak@zambia.embassy.example | G57: +91 94668 63166 | H57: meeting scheduled | I57: Priya Nair | J57: 46228 | K57: 46233 | L57: 46292 | M57: 10 | N57: High | O57: Phone | P57: Meeting with Ambassador pending
A58: EMB-057 | B58: Zimbabwe | C58: Sub Saharan Africa | D58: Chen Novak | E58: Commercial Counsellor | G58: +91 97704 41047 | H58: Initial Contact | I58: Arjun Mehta | J58: 46068 | K58: 46079 | L58: 46120 | M58: 2 | N58: Low | O58: Event | P58: Introductory email sent
A59: EMB-058 | B59: Mozambique | C59: Sub-Saharan Africa | D59: Chen Khalil | E59: Protocol Officer | F59: chen.khalil@mozambique.embassy.example | G59: +91 94042 94747 | H59: On Hold | I59: Arjun Mehta | J59: 45748 | K59: 46261 | L59: 46338 | M59: 5 | N59: Low | O59: Meeting | P59: Paused - elections
A60: EMB-059 | B60: Angola | C60: Sub-Saharan Africa | D60: Elena Tanaka | E60: Counsellor (Public Affairs) | F60: elena.tanaka@angola.embassy.example | H60: Not Started | M60: 0
B61: Senegal | C61: Sub-Saharan Africa | D61: Stefan Larsen | E61: Protocol Officer | G61: +91 11 3057 0304 | H61: Engaged | I61: Neha Kulkarni | J61: 46131 | K61: 46225 | L61: 46245 | M61: 19 | O61: Email | P61: Joint working group formed
A62: EMB-061 | B62: Rwanda | C62: Sub-Saharan Africa | D62: Marco Tanaka | E62: First Secretary (Political) | F62: marco.tanaka@rwanda.embassy.example | G62: +91 90300 42637 | H62: In Discussion | I62: Sameer Khan | J62: 45772 | K62: 46388 | L62: 46313 | M62: 3 | N62: Medium | O62: Meeting | P62: Positive response
A63: EMB-062 | B63: Mauritius | C63: Sub-Saharan Africa | D63: Tariq Rossi | E63: First Secretary (Political) | F63: tariq.rossi@mauritius.embassy.example | G63: +91 97929 92398 | H63: Engaged | I63: Arjun Mehta | J63: 45873 | K63: 46273 | L63: 46295 | M63: 0 | N63: High | O63: Event | P63: Co-hosted event in Q2
B64: USA | C64: Americas | D64: Aisha Novak | E64: Press & Information Officer | F64: aisha.novak.unitedstates.embassy.example | H64: Meeting Scheduled | J64: 46009 | K64: 46284 | L64: 46324 | M64: 8 | N64: Medium | O64: Official Letter | P64: Meeting with Ambassador pending
A65: EMB-064 | B65: Canada | C65: N. America | D65: Diego Mensah | E65: Second Secretary | F65: diego.mensah@canada | G65: +91 11 3662 8290 | H65: Engaged | I65: Neha Kulkarni | J65: 45687 | K65: 46212 | L65: 46271 | M65: 10 | N65: High | O65: Official Letter | P65: Co-hosted event in Q2
A66: EMB-065 | B66: Mexico | C66: Americas | D66: Elena Costa | E66: Press & Information Officer | F66: elena.costa@mexico.embassy.example | G66: +91 95060 18 | H66: Engaged | I66: Anita Deshmukh | J66: 45797 | K66: 46285 | L66: 46333 | M66: 9 | O66: Meeting | P66: Regular quarterly touchpoints
A67: EMB-066 | B67: Brazil | C67: Americas | D67: Amara Kim | E67: Second Secretary | F67: amara.kim.brazil.embassy.example | G67: +91 11 8276 0821 | H67: Initial Contact | I67: Neha Kulkarni | J67: 45783 | L67: 46340 | M67: 2 | N67: Low | O67: Meeting | P67: Note verbale sent
A68: EMB-067 | B68: Argentina | C68: Americas | D68: Sofia Petrov | E68: Cultural Attache | F68: sofia.petrov.argentina.embassy.example | G68: +91 11 3746 5501 | H68: meeting scheduled | J68: 45794 | K68: 46277 | L68: 46294 | M68: 9 | N68: Medium | O68: Email | P68: Date to be confirmed
A69: EMB-068 | B69: Chile | C69: Americas | D69: Kwame Haddad | E69: Counsellor (Public Affairs) | F69: kwame.haddad@chile.embassy.example | G69: +91 11 6509 8680 | H69: Initial Contact | I69: Anita Deshmukh | J69: 45931 | K69: 46287 | L69: 46305 | N69: Low | O69: Email | P69: Intro call held
A70: EMB-069 | B70: Colombia | C70: N. America | D70: Aisha Haddad | E70: Protocol Officer | G70: +91 11 3941 8341 | H70: closed | I70: Anita Deshmukh | J70: 45808 | K70: 46079 | M70: 3 | N70: Low | O70: Email | P70: Not a fit at this time
A71: EMB-070 | B71: Peru | C71: Americas | D71: Mei Costa | E71: Commercial Counsellor | F71: mei.costa@peru.embassy.example | G71: +91-9378776040 | H71: Initial Contact | I71: Priya Nair | J71: 45965 | K71: 46076 | L71: 46134 | M71: -3 | N71: Low | O71: Meeting | P71: Awaiting acknowledgement
A72: EMB-071 | B72: Cuba | D72: Amara Kim | E72: Cultural Attache | F72: amara.kim@cuba.embassy.example | G72: +91 11 7766 0471 | H72: Meeting Scheduled | I72: Neha Kulkarni | J72: 46072 | K72: 24/07/2026 | L72: 46264 | M72: 6 | N72: Medium | O72: Email | P72: Meeting with Ambassador pending
A73: EMB-072 | B73: Venezuela | C73: Americas | D73: Omar Schmidt | E73: First Secretary (Political) | F73: omar.schmidt@venezuela.embassy.example | G73: +91 11 8926 8771 | H73: Initial Contact | I73: Neha Kulkarni | J73: 45960 | K73: 46287 | L73: 46339 | M73: 2 | N73: Low | O73: Event | P73: Note verbale sent
A74: EMB-073 | B74: Ecuador | C74: Americas | D74: Diego Rossi | E74: Protocol Officer | F74: diego.rossi@ecuador.embassy.example | G74: +91 11 5896 5164 | H74: In Discussion | I74: Anita Deshmukh | J74: 46208 | K74: 46278 | L74: 46307 | M74: 4 | N74: Medium | O74: Meeting | P74: Positive response
A75: EMB-074 | B75: Guyana | C75: Americas | D75: Elena Rossi | E75: Cultural Attache | F75: elena.rossi@guyana.embassy.example | H75: Not Started | I75: Anita Deshmukh | K75: 46210 | M75: 3 | P75: Priority list - Q4
A76: EMB-075 | B76: Panama | C76: Americas | D76: Hiroshi Hassan | E76: Protocol Officer | F76: hiroshi.hassan@panama.embassy.example | G76: +91 96929 84427 | H76: Not Started | I76: Rahul Verma | M76: 0
A77: EMB-076 | B77: Uruguay | C77: Americas | D77: Pavel Larsen | E77: Commercial Counsellor | F77: pavel.larsen@uruguay.embassy.example | H77: Engaged | I77: Rahul Verma | J77: 45884 | K77: 46277 | L77: 46321 | M77: 8 | O77: Event | P77: Co-hosted event in Q2
A78: EMB-077 | B78: Bangladesh | C78: South & Central Asia | D78: Carla Hassan | E78: First Secretary (Political) | F78: carla.hassan@bangladesh.embassy.example | H78: Initial Contact | I78: Rahul Verma | J78: 45844 | K78: 46276 | N78: Low | O78: Email | P78: Awaiting acknowledgement
A79: EMB-078 | B79: Sri Lanka | C79: South & Central Asia | D79: Fatima Kim | E79: First Secretary (Political) | F79: fatima.kim@srilanka.embassy.example | G79: +91 11 7029 5292 | H79: On Hold | I79: Sameer Khan | J79: 46314 | K79: 45847 | L79: 46380 | M79: 5 | N79: Low | O79: Phone | P79: Awaiting HQ approval
A80: EMB-079 | B80: Nepal | C80: South & Central Asia | D80: Sofia Rossi | E80: Press & Information Officer | G80: +91 91145 94609 | H80: Engaged | I80: Priya Nair | J80: 46009 | K80: 46211 | L80: 24/07/2026 | M80: 10 | N80: Medium | O80: Email | P80: Regular quarterly touchpoints
A81: EMB-080 | B81: Bhutan | C81: South & Central Asia | D81: Kwame Garcia | E81: Commercial Counsellor | F81: kwame.garcia@bhutan.embassy.example | G81: +91 11 8083 7819 | H81: Initial Contact | I81: Arjun Mehta | J81: 45738 | K81: 46206 | L81: 46224 | M81: 1 | O81: Email | P81: Note verbale sent
A82: EMB-081 | B82: Maldives | C82: South & Central Asia | D82: Pavel Costa | E82: Counsellor (Public Affairs) | G82: +91 11 7210 2549 | H82: In Discussion | I82: Arjun Mehta | J82: 02/07/2025 | K82: 46193 | L82: 46242 | M82: 5 | N82: Medium | O82: Email | P82: Exploring joint programme
A83: EMB-082 | B83: Kazakhstan | C83: Asia-Pacific | D83: Amara Alvarez | E83: Press & Information Officer | F83: amara.alvarez@kazakhstan.embassy.example | G83: +91 99516 85424 | H83: Meeting Scheduled | I83: Priya Nair | J83: 46192 | K83: 16/09/2026 | L83: 46312 | M83: 7 | N83: High | O83: Email | P83: Date to be confirmed
A84: EMB-083 | B84: Uzbekistan | C84: South & Central Asia | D84: Andrei Haddad | E84: Press & Information Officer | F84: andrei.haddad@uzbekistan.embassy.example | G84: +91-9634056135 | H84: Initial Contact | I84: Priya Nair | J84: 46092 | K84: 46251 | L84: 46275 | M84: 2 | N84: Low | O84: Official Letter | P84: Introductory email sent
A85: EMB-084 | B85: Afghanistan | C85: South & Central Asia | D85: Fatima Zhang | E85: Second Secretary | F85: fatima.zhang@afghanistan.embassy.example | H85: Not Started | I85: Sameer Khan | M85: 0
A86: EMB-066 | B86: Brazil | C86: Americas | D86: Amara Kim | E86: Second Secretary | F86: amara.kim.brazil.embassy.example | G86: +91 11 8276 0821 | H86: Initial Contact | I86: Neha Kulkarni | J86: 45783 | L86: 46340 | M86: 2 | N86: Low | O86: Meeting | P86: Note verbale sent
A87: EMB-010 | B87: Sweden | C87: Europe | D87: Joao Garcia | E87: Commercial Counsellor | F87: joao.garcia@sweden.embassy.example | G87: +91 96425 24776 | H87: Initial Contact Made | I87: Sameer Khan | J87: 46005 | M87: 2 | N87: Medium | O87: Event | P87: Awaiting acknowledgement
A88: EMB-051 | B88: Kenya | C88: Sub-Saharan Africa | D88: Joao Nguyen | E88: Cultural Attache | F88: joao.nguyen@kenya.embassy.example | G88: +91 11 6137 8522 | H88: Not Started | M88: 0 | P88: Contact details to be verified
A89: EMB-037 | B89: Qatar | C89: Middle East & North Africa | D89: Carla Haddad | E89: Cultural Attache | F89: carla.haddad@qatar.embassy.example | G89: +91 11 2298 3725 | H89: Engaged | I89: Sameer Khan | J89: 45814 | K89: 46244 | L89: 46306 | M89: 16 | N89: High | O89: Meeting | P89: Active collaboration
A90: EMB-094 | B90: Mexico | C90: Americas | D90: Pedro Nguyen | E90: Press & Information Officer | F90: elena.costa@mexico.embassy.example | G90: +91 95060 18 | H90: Engaged | I90: Anita Deshmukh | J90: 45797 | K90: 46285 | L90: 46333 | M90: 9 | O90: Meeting | P90: Duplicate entry? contact updated
A91: EMB-095 | B91: Singapore | C91: Asia-Pacific | D91: Tariq Kim | E91: Counsellor (Public Affairs) | F91: omar.rossi@singapore.embassy.example | G91: +91 11 3688 2834 | H91: Closed | I91: Arjun Mehta | J91: 45811 | K91: 46216 | M91: 2 | N91: Low | O91: Email | P91: Duplicate entry? contact updated
A92: EMB-096 | B92: GHANA | C92: Sub-Saharan Africa | D92: Aisha Zhang | E92: Second Secretary | F92: omar.novak@ghana.embassy.example | G92: +911176175442 | H92: Engaged | I92: Anita Deshmukh | J92: 46292 | K92: 45970 | L92: 46290 | M92: 6 | N92: High | O92: Phone | P92: Duplicate entry? contact updated

Sheet Dash_Calc
A1: Dash_Calc - supporting calculations for the Dashboard (all formulas; driven by Clean_Data + Settings) | AA1: Active (1/0) | AB1: Overdue_Active (1/0) | AC1: Silent (1/0) | AD1: Priority key | AE1: Silent key | AF1: Needs review (1/0) | AG1: Date issue (1/0)
A2: Definitions: Active = status in Initial Contact / In Discussion / Meeting Scheduled / Engaged (see "Active?" column below, editable). Overdue = active embassy whose Next_Followup_Date is before the as-of date. Silent = active embassy with no contact for more than the Settings threshold. | AA2: =IF(Clean_Data!A2="","",IFERROR(INDEX($D$7:$D$13,MATCH(Clean_Data!J2,$A$7:$A$13,0)),0)) -> 0 | AB2: =IF(Clean_Data!A2="","",IF(AND(AA2=1,Clean_Data!V2="Yes"),1,0)) -> 0 | AC2: =IF(Clean_Data!A2="","",IF(Clean_Data!W2="Yes",1,0)) -> 0 | AD2: =IF(AB2=1,Settings!$B$2-Clean_Data!N2+ROW()/100000,"") | AE2: =IF(AC2=1,Clean_Data!U2+ROW()/100000,"") | AF2: =IF(Clean_Data!A2="","",IF(SUMPRODUCT(--ISNUMBER(SEARCH({"STATUS_CONFLICT","NEAR_DUP_KEPT","ID_INFERRED","REGION_REVIEW","DATE_ORDER","DATE_FUTURE","FOLLOWUP_BEFORE","INTERACTIONS_","OWNER_MISSING","ENG_MISSING","CHANNEL_MISSING","FOLLOWUP_MISSING","EMAIL_MISSING","EMAIL_INVALID","PHONE_MISSING","PHONE_INVALID"},Clean_Data!S2)))>0,1,0)) -> 0 | AG2: =IF(Clean_Data!A2="","",IF(SUMPRODUCT(--ISNUMBER(SEARCH({"DATE_ORDER","DATE_FUTURE","FOLLOWUP_BEFORE"},Clean_Data!S2)))>0,1,0)) -> 0
AA3: =IF(Clean_Data!A3="","",IFERROR(INDEX($D$7:$D$13,MATCH(Clean_Data!J3,$A$7:$A$13,0)),0)) -> 1 | AB3: =IF(Clean_Data!A3="","",IF(AND(AA3=1,Clean_Data!V3="Yes"),1,0)) -> 1 | AC3: =IF(Clean_Data!A3="","",IF(Clean_Data!W3="Yes",1,0)) -> 1 | AD3: =IF(AB3=1,Settings!$B$2-Clean_Data!N3+ROW()/100000,"") -> 169.00003 | AE3: =IF(AC3=1,Clean_Data!U3+ROW()/100000,"") -> 223.00003 | AF3: =IF(Clean_Data!A3="","",IF(SUMPRODUCT(--ISNUMBER(SEARCH({"STATUS_CONFLICT","NEAR_DUP_KEPT","ID_INFERRED","REGION_REVIEW","DATE_ORDER","DATE_FUTURE","FOLLOWUP_BEFORE","INTERACTIONS_","OWNER_MISSING","ENG_MISSING","CHANNEL_MISSING","FOLLOWUP_MISSING","EMAIL_MISSING","EMAIL_INVALID","PHONE_MISSING","PHONE_INVALID"},Clean_Data!S3)))>0,1,0)) -> 0 | AG3: =IF(Clean_Data!A3="","",IF(SUMPRODUCT(--ISNUMBER(SEARCH({"DATE_ORDER","DATE_FUTURE","FOLLOWUP_BEFORE"},Clean_Data!S3)))>0,1,0)) -> 0
AA4: =IF(Clean_Data!A4="","",IFERROR(INDEX($D$7:$D$13,MATCH(Clean_Data!J4,$A$7:$A$13,0)),0)) -> 0 | AB4: =IF(Clean_Data!A4="","",IF(AND(AA4=1,Clean_Data!V4="Yes"),1,0)) -> 0 | AC4: =IF(Clean_Data!A4="","",IF(Clean_Data!W4="Yes",1,0)) -> 0 | AD4: =IF(AB4=1,Settings!$B$2-Clean_Data!N4+ROW()/100000,"") | AE4: =IF(AC4=1,Clean_Data!U4+ROW()/100000,"") | AF4: =IF(Clean_Data!A4="","",IF(SUMPRODUCT(--ISNUMBER(SEARCH({"STATUS_CONFLICT","NEAR_DUP_KEPT","ID_INFERRED","REGION_REVIEW","DATE_ORDER","DATE_FUTURE","FOLLOWUP_BEFORE","INTERACTIONS_","OWNER_MISSING","ENG_MISSING","CHANNEL_MISSING","FOLLOWUP_MISSING","EMAIL_MISSING","EMAIL_INVALID","PHONE_MISSING","PHONE_INVALID"},Clean_Data!S4)))>0,1,0)) -> 1 | AG4: =IF(Clean_Data!A4="","",IF(SUMPRODUCT(--ISNUMBER(SEARCH({"DATE_ORDER","DATE_FUTURE","FOLLOWUP_BEFORE"},Clean_Data!S4)))>0,1,0)) -> 0
A5: 1. Pipeline by status | AA5: =IF(Clean_Data!A5="","",IFERROR(INDEX($D$7:$D$13,MATCH(Clean_Data!J5,$A$7:$A$13,0)),0)) -> 1 | AB5: =IF(Clean_Data!A5="","",IF(AND(AA5=1,Clean_Data!V5="Yes"),1,0)) -> 1 | AC5: =IF(Clean_Data!A5="","",IF(Clean_Data!W5="Yes",1,0)) -> 0 | AD5: =IF(AB5=1,Settings!$B$2-Clean_Data!N5+ROW()/100000,"") -> 14.00005 | AE5: =IF(AC5=1,Clean_Data!U5+ROW()/100000,"") | AF5: =IF(Clean_Data!A5="","",IF(SUMPRODUCT(--ISNUMBER(SEARCH({"STATUS_CONFLICT","NEAR_DUP_KEPT","ID_INFERRED","REGION_REVIEW","DATE_ORDER","DATE_FUTURE","FOLLOWUP_BEFORE","INTERACTIONS_","OWNER_MISSING","ENG_MISSING","CHANNEL_MISSING","FOLLOWUP_MISSING","EMAIL_MISSING","EMAIL_INVALID","PHONE_MISSING","PHONE_INVALID"},Clean_Data!S5)))>0,1,0)) -> 0 | AG5: =IF(Clean_Data!A5="","",IF(SUMPRODUCT(--ISNUMBER(SEARCH({"DATE_ORDER","DATE_FUTURE","FOLLOWUP_BEFORE"},Clean_Data!S5)))>0,1,0)) -> 0
A6: Status | B6: Embassies | C6: % of total | D6: Active? (1/0) | E6: Overdue (active) | AA6: =IF(Clean_Data!A6="","",IFERROR(INDEX($D$7:$D$13,MATCH(Clean_Data!J6,$A$7:$A$13,0)),0)) -> 1 | AB6: =IF(Clean_Data!A6="","",IF(AND(AA6=1,Clean_Data!V6="Yes"),1,0)) -> 1 | AC6: =IF(Clean_Data!A6="","",IF(Clean_Data!W6="Yes",1,0)) -> 0 | AD6: =IF(AB6=1,Settings!$B$2-Clean_Data!N6+ROW()/100000,"") -> 6.00006 | AE6: =IF(AC6=1,Clean_Data!U6+ROW()/100000,"") | AF6: =IF(Clean_Data!A6="","",IF(SUMPRODUCT(--ISNUMBER(SEARCH({"STATUS_CONFLICT","NEAR_DUP_KEPT","ID_INFERRED","REGION_REVIEW","DATE_ORDER","DATE_FUTURE","FOLLOWUP_BEFORE","INTERACTIONS_","OWNER_MISSING","ENG_MISSING","CHANNEL_MISSING","FOLLOWUP_MISSING","EMAIL_MISSING","EMAIL_INVALID","PHONE_MISSING","PHONE_INVALID"},Clean_Data!S6)))>0,1,0)) -> 0 | AG6: =IF(Clean_Data!A6="","",IF(SUMPRODUCT(--ISNUMBER(SEARCH({"DATE_ORDER","DATE_FUTURE","FOLLOWUP_BEFORE"},Clean_Data!S6)))>0,1,0)) -> 0
A7: Not Started | B7: =COUNTIF(Clean_Data!$J$2:$J$200,A7) -> 10 | C7: =IF($B$14=0,0,B7/$B$14) -> 0.11904762 | D7: 0 | E7: =SUMIFS($AB$2:$AB$200,Clean_Data!$J$2:$J$200,A7) -> 0 | AA7: =IF(Clean_Data!A7="","",IFERROR(INDEX($D$7:$D$13,MATCH(Clean_Data!J7,$A$7:$A$13,0)),0)) -> 0 | AB7: =IF(Clean_Data!A7="","",IF(AND(AA7=1,Clean_Data!V7="Yes"),1,0)) -> 0 | AC7: =IF(Clean_Data!A7="","",IF(Clean_Data!W7="Yes",1,0)) -> 0 | AD7: =IF(AB7=1,Settings!$B$2-Clean_Data!N7+ROW()/100000,"") | AE7: =IF(AC7=1,Clean_Data!U7+ROW()/100000,"") | AF7: =IF(Clean_Data!A7="","",IF(SUMPRODUCT(--ISNUMBER(SEARCH({"STATUS_CONFLICT","NEAR_DUP_KEPT","ID_INFERRED","REGION_REVIEW","DATE_ORDER","DATE_FUTURE","FOLLOWUP_BEFORE","INTERACTIONS_","OWNER_MISSING","ENG_MISSING","CHANNEL_MISSING","FOLLOWUP_MISSING","EMAIL_MISSING","EMAIL_INVALID","PHONE_MISSING","PHONE_INVALID"},Clean_Data!S7)))>0,1,0)) -> 1 | AG7: =IF(Clean_Data!A7="","",IF(SUMPRODUCT(--ISNUMBER(SEARCH({"DATE_ORDER","DATE_FUTURE","FOLLOWUP_BEFORE"},Clean_Data!S7)))>0,1,0)) -> 0
A8: Initial Contact | B8: =COUNTIF(Clean_Data!$J$2:$J$200,A8) -> 15 | C8: =IF($B$14=0,0,B8/$B$14) -> 0.17857143 | D8: 1 | E8: =SUMIFS($AB$2:$AB$200,Clean_Data!$J$2:$J$200,A8) -> 7 | AA8: =IF(Clean_Data!A8="","",IFERROR(INDEX($D$7:$D$13,MATCH(Clean_Data!J8,$A$7:$A$13,0)),0)) -> 1 | AB8: =IF(Clean_Data!A8="","",IF(AND(AA8=1,Clean_Data!V8="Yes"),1,0)) -> 0 | AC8: =IF(Clean_Data!A8="","",IF(Clean_Data!W8="Yes",1,0)) -> 0 | AD8: =IF(AB8=1,Settings!$B$2-Clean_Data!N8+ROW()/100000,"") | AE8: =IF(AC8=1,Clean_Data!U8+ROW()/100000,"") | AF8: =IF(Clean_Data!A8="","",IF(SUMPRODUCT(--ISNUMBER(SEARCH({"STATUS_CONFLICT","NEAR_DUP_KEPT","ID_INFERRED","REGION_REVIEW","DATE_ORDER","DATE_FUTURE","FOLLOWUP_BEFORE","INTERACTIONS_","OWNER_MISSING","ENG_MISSING","CHANNEL_MISSING","FOLLOWUP_MISSING","EMAIL_MISSING","EMAIL_INVALID","PHONE_MISSING","PHONE_INVALID"},Clean_Data!S8)))>0,1,0)) -> 1 | AG8: =IF(Clean_Data!A8="","",IF(SUMPRODUCT(--ISNUMBER(SEARCH({"DATE_ORDER","DATE_FUTURE","FOLLOWUP_BEFORE"},Clean_Data!S8)))>0,1,0)) -> 0
A9: In Discussion | B9: =COUNTIF(Clean_Data!$J$2:$J$200,A9) -> 14 | C9: =IF($B$14=0,0,B9/$B$14) -> 0.16666667 | D9: 1 | E9: =SUMIFS($AB$2:$AB$200,Clean_Data!$J$2:$J$200,A9) -> 5 | AA9: =IF(Clean_Data!A9="","",IFERROR(INDEX($D$7:$D$13,MATCH(Clean_Data!J9,$A$7:$A$13,0)),0)) -> 1 | AB9: =IF(Clean_Data!A9="","",IF(AND(AA9=1,Clean_Data!V9="Yes"),1,0)) -> 0 | AC9: =IF(Clean_Data!A9="","",IF(Clean_Data!W9="Yes",1,0)) -> 0 | AD9: =IF(AB9=1,Settings!$B$2-Clean_Data!N9+ROW()/100000,"") | AE9: =IF(AC9=1,Clean_Data!U9+ROW()/100000,"") | AF9: =IF(Clean_Data!A9="","",IF(SUMPRODUCT(--ISNUMBER(SEARCH({"STATUS_CONFLICT","NEAR_DUP_KEPT","ID_INFERRED","REGION_REVIEW","DATE_ORDER","DATE_FUTURE","FOLLOWUP_BEFORE","INTERACTIONS_","OWNER_MISSING","ENG_MISSING","CHANNEL_MISSING","FOLLOWUP_MISSING","EMAIL_MISSING","EMAIL_INVALID","PHONE_MISSING","PHONE_INVALID"},Clean_Data!S9)))>0,1,0)) -> 1 | AG9: =IF(Clean_Data!A9="","",IF(SUMPRODUCT(--ISNUMBER(SEARCH({"DATE_ORDER","DATE_FUTURE","FOLLOWUP_BEFORE"},Clean_Data!S9)))>0,1,0)) -> 0
A10: Meeting Scheduled | B10: =COUNTIF(Clean_Data!$J$2:$J$200,A10) -> 11 | C10: =IF($B$14=0,0,B10/$B$14) -> 0.13095238 | D10: 1 | E10: =SUMIFS($AB$2:$AB$200,Clean_Data!$J$2:$J$200,A10) -> 6 | AA10: =IF(Clean_Data!A10="","",IFERROR(INDEX($D$7:$D$13,MATCH(Clean_Data!J10,$A$7:$A$13,0)),0)) -> 0 | AB10: =IF(Clean_Data!A10="","",IF(AND(AA10=1,Clean_Data!V10="Yes"),1,0)) -> 0 | AC10: =IF(Clean_Data!A10="","",IF(Clean_Data!W10="Yes",1,0)) -> 0 | AD10: =IF(AB10=1,Settings!$B$2-Clean_Data!N10+ROW()/100000,"") | AE10: =IF(AC10=1,Clean_Data!U10+ROW()/100000,"") | AF10: =IF(Clean_Data!A10="","",IF(SUMPRODUCT(--ISNUMBER(SEARCH({"STATUS_CONFLICT","NEAR_DUP_KEPT","ID_INFERRED","REGION_REVIEW","DATE_ORDER","DATE_FUTURE","FOLLOWUP_BEFORE","INTERACTIONS_","OWNER_MISSING","ENG_MISSING","CHANNEL_MISSING","FOLLOWUP_MISSING","EMAIL_MISSING","EMAIL_INVALID","PHONE_MISSING","PHONE_INVALID"},Clean_Data!S10)))>0,1,0)) -> 1 | AG10: =IF(Clean_Data!A10="","",IF(SUMPRODUCT(--ISNUMBER(SEARCH({"DATE_ORDER","DATE_FUTURE","FOLLOWUP_BEFORE"},Clean_Data!S10)))>0,1,0)) -> 0
A11: Engaged | B11: =COUNTIF(Clean_Data!$J$2:$J$200,A11) -> 19 | C11: =IF($B$14=0,0,B11/$B$14) -> 0.22619048 | D11: 1 | E11: =SUMIFS($AB$2:$AB$200,Clean_Data!$J$2:$J$200,A11) -> 12 | AA11: =IF(Clean_Data!A11="","",IFERROR(INDEX($D$7:$D$13,MATCH(Clean_Data!J11,$A$7:$A$13,0)),0)) -> 1 | AB11: =IF(Clean_Data!A11="","",IF(AND(AA11=1,Clean_Data!V11="Yes"),1,0)) -> 0 | AC11: =IF(Clean_Data!A11="","",IF(Clean_Data!W11="Yes",1,0)) -> 0 | AD11: =IF(AB11=1,Settings!$B$2-Clean_Data!N11+ROW()/100000,"") | AE11: =IF(AC11=1,Clean_Data!U11+ROW()/100000,"") | AF11: =IF(Clean_Data!A11="","",IF(SUMPRODUCT(--ISNUMBER(SEARCH({"STATUS_CONFLICT","NEAR_DUP_KEPT","ID_INFERRED","REGION_REVIEW","DATE_ORDER","DATE_FUTURE","FOLLOWUP_BEFORE","INTERACTIONS_","OWNER_MISSING","ENG_MISSING","CHANNEL_MISSING","FOLLOWUP_MISSING","EMAIL_MISSING","EMAIL_INVALID","PHONE_MISSING","PHONE_INVALID"},Clean_Data!S11)))>0,1,0)) -> 1 | AG11: =IF(Clean_Data!A11="","",IF(SUMPRODUCT(--ISNUMBER(SEARCH({"DATE_ORDER","DATE_FUTURE","FOLLOWUP_BEFORE"},Clean_Data!S11)))>0,1,0)) -> 0
A12: On Hold | B12: =COUNTIF(Clean_Data!$J$2:$J$200,A12) -> 11 | C12: =IF($B$14=0,0,B12/$B$14) -> 0.13095238 | D12: 0 | E12: =SUMIFS($AB$2:$AB$200,Clean_Data!$J$2:$J$200,A12) -> 0 | AA12: =IF(Clean_Data!A12="","",IFERROR(INDEX($D$7:$D$13,MATCH(Clean_Data!J12,$A$7:$A$13,0)),0)) -> 0 | AB12: =IF(Clean_Data!A12="","",IF(AND(AA12=1,Clean_Data!V12="Yes"),1,0)) -> 0 | AC12: =IF(Clean_Data!A12="","",IF(Clean_Data!W12="Yes",1,0)) -> 0 | AD12: =IF(AB12=1,Settings!$B$2-Clean_Data!N12+ROW()/100000,"") | AE12: =IF(AC12=1,Clean_Data!U12+ROW()/100000,"") | AF12: =IF(Clean_Data!A12="","",IF(SUMPRODUCT(--ISNUMBER(SEARCH({"STATUS_CONFLICT","NEAR_DUP_KEPT","ID_INFERRED","REGION_REVIEW","DATE_ORDER","DATE_FUTURE","FOLLOWUP_BEFORE","INTERACTIONS_","OWNER_MISSING","ENG_MISSING","CHANNEL_MISSING","FOLLOWUP_MISSING","EMAIL_MISSING","EMAIL_INVALID","PHONE_MISSING","PHONE_INVALID"},Clean_Data!S12)))>0,1,0)) -> 0 | AG12: =IF(Clean_Data!A12="","",IF(SUMPRODUCT(--ISNUMBER(SEARCH({"DATE_ORDER","DATE_FUTURE","FOLLOWUP_BEFORE"},Clean_Data!S12)))>0,1,0)) -> 0
A13: Closed | B13: =COUNTIF(Clean_Data!$J$2:$J$200,A13) -> 4 | C13: =IF($B$14=0,0,B13/$B$14) -> 0.047619048 | D13: 0 | E13: =SUMIFS($AB$2:$AB$200,Clean_Data!$J$2:$J$200,A13) -> 0 | AA13: =IF(Clean_Data!A13="","",IFERROR(INDEX($D$7:$D$13,MATCH(Clean_Data!J13,$A$7:$A$13,0)),0)) -> 1 | AB13: =IF(Clean_Data!A13="","",IF(AND(AA13=1,Clean_Data!V13="Yes"),1,0)) -> 1 | AC13: =IF(Clean_Data!A13="","",IF(Clean_Data!W13="Yes",1,0)) -> 1 | AD13: =IF(AB13=1,Settings!$B$2-Clean_Data!N13+ROW()/100000,"") -> 86.00013 | AE13: =IF(AC13=1,Clean_Data!U13+ROW()/100000,"") -> 106.00013 | AF13: =IF(Clean_Data!A13="","",IF(SUMPRODUCT(--ISNUMBER(SEARCH({"STATUS_CONFLICT","NEAR_DUP_KEPT","ID_INFERRED","REGION_REVIEW","DATE_ORDER","DATE_FUTURE","FOLLOWUP_BEFORE","INTERACTIONS_","OWNER_MISSING","ENG_MISSING","CHANNEL_MISSING","FOLLOWUP_MISSING","EMAIL_MISSING","EMAIL_INVALID","PHONE_MISSING","PHONE_INVALID"},Clean_Data!S13)))>0,1,0)) -> 0 | AG13: =IF(Clean_Data!A13="","",IF(SUMPRODUCT(--ISNUMBER(SEARCH({"DATE_ORDER","DATE_FUTURE","FOLLOWUP_BEFORE"},Clean_Data!S13)))>0,1,0)) -> 0
A14: Total | B14: =SUM(B7:B13) -> 84 | C14: =SUM(C7:C13) -> 1 | E14: =SUM(E7:E13) -> 30 | AA14: =IF(Clean_Data!A14="","",IFERROR(INDEX($D$7:$D$13,MATCH(Clean_Data!J14,$A$7:$A$13,0)),0)) -> 1 | AB14: =IF(Clean_Data!A14="","",IF(AND(AA14=1,Clean_Data!V14="Yes"),1,0)) -> 0 | AC14: =IF(Clean_Data!A14="","",IF(Clean_Data!W14="Yes",1,0)) -> 0 | AD14: =IF(AB14=1,Settings!$B$2-Clean_Data!N14+ROW()/100000,"") | AE14: =IF(AC14=1,Clean_Data!U14+ROW()/100000,"") | AF14: =IF(Clean_Data!A14="","",IF(SUMPRODUCT(--ISNUMBER(SEARCH({"STATUS_CONFLICT","NEAR_DUP_KEPT","ID_INFERRED","REGION_REVIEW","DATE_ORDER","DATE_FUTURE","FOLLOWUP_BEFORE","INTERACTIONS_","OWNER_MISSING","ENG_MISSING","CHANNEL_MISSING","FOLLOWUP_MISSING","EMAIL_MISSING","EMAIL_INVALID","PHONE_MISSING","PHONE_INVALID"},Clean_Data!S14)))>0,1,0)) -> 0 | AG14: =IF(Clean_Data!A14="","",IF(SUMPRODUCT(--ISNUMBER(SEARCH({"DATE_ORDER","DATE_FUTURE","FOLLOWUP_BEFORE"},Clean_Data!S14)))>0,1,0)) -> 0
A15: Blue-on-yellow cells in "Active?" are inputs: change a 1/0 to redefine "active" and the whole dashboard follows. | AA15: =IF(Clean_Data!A15="","",IFERROR(INDEX($D$7:$D$13,MATCH(Clean_Data!J15,$A$7:$A$13,0)),0)) -> 1 | AB15: =IF(Clean_Data!A15="","",IF(AND(AA15=1,Clean_Data!V15="Yes"),1,0)) -> 0 | AC15: =IF(Clean_Data!A15="","",IF(Clean_Data!W15="Yes",1,0)) -> 0 | AD15: =IF(AB15=1,Settings!$B$2-Clean_Data!N15+ROW()/100000,"") | AE15: =IF(AC15=1,Clean_Data!U15+ROW()/100000,"") | AF15: =IF(Clean_Data!A15="","",IF(SUMPRODUCT(--ISNUMBER(SEARCH({"STATUS_CONFLICT","NEAR_DUP_KEPT","ID_INFERRED","REGION_REVIEW","DATE_ORDER","DATE_FUTURE","FOLLOWUP_BEFORE","INTERACTIONS_","OWNER_MISSING","ENG_MISSING","CHANNEL_MISSING","FOLLOWUP_MISSING","EMAIL_MISSING","EMAIL_INVALID","PHONE_MISSING","PHONE_INVALID"},Clean_Data!S15)))>0,1,0)) -> 1 | AG15: =IF(Clean_Data!A15="","",IF(SUMPRODUCT(--ISNUMBER(SEARCH({"DATE_ORDER","DATE_FUTURE","FOLLOWUP_BEFORE"},Clean_Data!S15)))>0,1,0)) -> 1
AA16: =IF(Clean_Data!A16="","",IFERROR(INDEX($D$7:$D$13,MATCH(Clean_Data!J16,$A$7:$A$13,0)),0)) -> 1 | AB16: =IF(Clean_Data!A16="","",IF(AND(AA16=1,Clean_Data!V16="Yes"),1,0)) -> 0 | AC16: =IF(Clean_Data!A16="","",IF(Clean_Data!W16="Yes",1,0)) -> 0 | AD16: =IF(AB16=1,Settings!$B$2-Clean_Data!N16+ROW()/100000,"") | AE16: =IF(AC16=1,Clean_Data!U16+ROW()/100000,"") | AF16: =IF(Clean_Data!A16="","",IF(SUMPRODUCT(--ISNUMBER(SEARCH({"STATUS_CONFLICT","NEAR_DUP_KEPT","ID_INFERRED","REGION_REVIEW","DATE_ORDER","DATE_FUTURE","FOLLOWUP_BEFORE","INTERACTIONS_","OWNER_MISSING","ENG_MISSING","CHANNEL_MISSING","FOLLOWUP_MISSING","EMAIL_MISSING","EMAIL_INVALID","PHONE_MISSING","PHONE_INVALID"},Clean_Data!S16)))>0,1,0)) -> 0 | AG16: =IF(Clean_Data!A16="","",IF(SUMPRODUCT(--ISNUMBER(SEARCH({"DATE_ORDER","DATE_FUTURE","FOLLOWUP_BEFORE"},Clean_Data!S16)))>0,1,0)) -> 0
A17: 2. Region scorecard | AA17: =IF(Clean_Data!A17="","",IFERROR(INDEX($D$7:$D$13,MATCH(Clean_Data!J17,$A$7:$A$13,0)),0)) -> 1 | AB17: =IF(Clean_Data!A17="","",IF(AND(AA17=1,Clean_Data!V17="Yes"),1,0)) -> 0 | AC17: =IF(Clean_Data!A17="","",IF(Clean_Data!W17="Yes",1,0)) -> 0 | AD17: =IF(AB17=1,Settings!$B$2-Clean_Data!N17+ROW()/100000,"") | AE17: =IF(AC17=1,Clean_Data!U17+ROW()/100000,"") | AF17: =IF(Clean_Data!A17="","",IF(SUMPRODUCT(--ISNUMBER(SEARCH({"STATUS_CONFLICT","NEAR_DUP_KEPT","ID_INFERRED","REGION_REVIEW","DATE_ORDER","DATE_FUTURE","FOLLOWUP_BEFORE","INTERACTIONS_","OWNER_MISSING","ENG_MISSING","CHANNEL_MISSING","FOLLOWUP_MISSING","EMAIL_MISSING","EMAIL_INVALID","PHONE_MISSING","PHONE_INVALID"},Clean_Data!S17)))>0,1,0)) -> 1 | AG17: =IF(Clean_Data!A17="","",IF(SUMPRODUCT(--ISNUMBER(SEARCH({"DATE_ORDER","DATE_FUTURE","FOLLOWUP_BEFORE"},Clean_Data!S17)))>0,1,0)) -> 0
A18: Region | B18: Embassies | C18: Active | D18: Engaged | E18: Engaged % of embassies | F18: Overdue (active) | G18: Overdue % of active | H18: Silent (active) | AA18: =IF(Clean_Data!A18="","",IFERROR(INDEX($D$7:$D$13,MATCH(Clean_Data!J18,$A$7:$A$13,0)),0)) -> 0 | AB18: =IF(Clean_Data!A18="","",IF(AND(AA18=1,Clean_Data!V18="Yes"),1,0)) -> 0 | AC18: =IF(Clean_Data!A18="","",IF(Clean_Data!W18="Yes",1,0)) -> 0 | AD18: =IF(AB18=1,Settings!$B$2-Clean_Data!N18+ROW()/100000,"") | AE18: =IF(AC18=1,Clean_Data!U18+ROW()/100000,"") | AF18: =IF(Clean_Data!A18="","",IF(SUMPRODUCT(--ISNUMBER(SEARCH({"STATUS_CONFLICT","NEAR_DUP_KEPT","ID_INFERRED","REGION_REVIEW","DATE_ORDER","DATE_FUTURE","FOLLOWUP_BEFORE","INTERACTIONS_","OWNER_MISSING","ENG_MISSING","CHANNEL_MISSING","FOLLOWUP_MISSING","EMAIL_MISSING","EMAIL_INVALID","PHONE_MISSING","PHONE_INVALID"},Clean_Data!S18)))>0,1,0)) -> 0 | AG18: =IF(Clean_Data!A18="","",IF(SUMPRODUCT(--ISNUMBER(SEARCH({"DATE_ORDER","DATE_FUTURE","FOLLOWUP_BEFORE"},Clean_Data!S18)))>0,1,0)) -> 0
A19: Europe | B19: =COUNTIF(Clean_Data!$C$2:$C$200,A19) -> 21 | C19: =SUMIFS($AA$2:$AA$200,Clean_Data!$C$2:$C$200,A19) -> 14 | D19: =COUNTIFS(Clean_Data!$C$2:$C$200,A19,Clean_Data!$J$2:$J$200,"Engaged") -> 3 | E19: =IF(B19=0,0,D19/B19) -> 0.14285714 | F19: =SUMIFS($AB$2:$AB$200,Clean_Data!$C$2:$C$200,A19) -> 6 | G19: =IF(C19=0,0,F19/C19) -> 0.42857143 | H19: =SUMIFS($AC$2:$AC$200,Clean_Data!$C$2:$C$200,A19) -> 4 | AA19: =IF(Clean_Data!A19="","",IFERROR(INDEX($D$7:$D$13,MATCH(Clean_Data!J19,$A$7:$A$13,0)),0)) -> 1 | AB19: =IF(Clean_Data!A19="","",IF(AND(AA19=1,Clean_Data!V19="Yes"),1,0)) -> 1 | AC19: =IF(Clean_Data!A19="","",IF(Clean_Data!W19="Yes",1,0)) -> 1 | AD19: =IF(AB19=1,Settings!$B$2-Clean_Data!N19+ROW()/100000,"") -> 173.00019 | AE19: =IF(AC19=1,Clean_Data!U19+ROW()/100000,"") -> 214.00019 | AF19: =IF(Clean_Data!A19="","",IF(SUMPRODUCT(--ISNUMBER(SEARCH({"STATUS_CONFLICT","NEAR_DUP_KEPT","ID_INFERRED","REGION_REVIEW","DATE_ORDER","DATE_FUTURE","FOLLOWUP_BEFORE","INTERACTIONS_","OWNER_MISSING","ENG_MISSING","CHANNEL_MISSING","FOLLOWUP_MISSING","EMAIL_MISSING","EMAIL_INVALID","PHONE_MISSING","PHONE_INVALID"},Clean_Data!S19)))>0,1,0)) -> 1 | AG19: =IF(Clean_Data!A19="","",IF(SUMPRODUCT(--ISNUMBER(SEARCH({"DATE_ORDER","DATE_FUTURE","FOLLOWUP_BEFORE"},Clean_Data!S19)))>0,1,0)) -> 0
A20: Asia-Pacific | B20: =COUNTIF(Clean_Data!$C$2:$C$200,A20) -> 15 | C20: =SUMIFS($AA$2:$AA$200,Clean_Data!$C$2:$C$200,A20) -> 12 | D20: =COUNTIFS(Clean_Data!$C$2:$C$200,A20,Clean_Data!$J$2:$J$200,"Engaged") -> 3 | E20: =IF(B20=0,0,D20/B20) -> 0.2 | F20: =SUMIFS($AB$2:$AB$200,Clean_Data!$C$2:$C$200,A20) -> 7 | G20: =IF(C20=0,0,F20/C20) -> 0.58333333 | H20: =SUMIFS($AC$2:$AC$200,Clean_Data!$C$2:$C$200,A20) -> 1 | AA20: =IF(Clean_Data!A20="","",IFERROR(INDEX($D$7:$D$13,MATCH(Clean_Data!J20,$A$7:$A$13,0)),0)) -> 0 | AB20: =IF(Clean_Data!A20="","",IF(AND(AA20=1,Clean_Data!V20="Yes"),1,0)) -> 0 | AC20: =IF(Clean_Data!A20="","",IF(Clean_Data!W20="Yes",1,0)) -> 0 | AD20: =IF(AB20=1,Settings!$B$2-Clean_Data!N20+ROW()/100000,"") | AE20: =IF(AC20=1,Clean_Data!U20+ROW()/100000,"") | AF20: =IF(Clean_Data!A20="","",IF(SUMPRODUCT(--ISNUMBER(SEARCH({"STATUS_CONFLICT","NEAR_DUP_KEPT","ID_INFERRED","REGION_REVIEW","DATE_ORDER","DATE_FUTURE","FOLLOWUP_BEFORE","INTERACTIONS_","OWNER_MISSING","ENG_MISSING","CHANNEL_MISSING","FOLLOWUP_MISSING","EMAIL_MISSING","EMAIL_INVALID","PHONE_MISSING","PHONE_INVALID"},Clean_Data!S20)))>0,1,0)) -> 0 | AG20: =IF(Clean_Data!A20="","",IF(SUMPRODUCT(--ISNUMBER(SEARCH({"DATE_ORDER","DATE_FUTURE","FOLLOWUP_BEFORE"},Clean_Data!S20)))>0,1,0)) -> 0
A21: Sub-Saharan Africa | B21: =COUNTIF(Clean_Data!$C$2:$C$200,A21) -> 15 | C21: =SUMIFS($AA$2:$AA$200,Clean_Data!$C$2:$C$200,A21) -> 10 | D21: =COUNTIFS(Clean_Data!$C$2:$C$200,A21,Clean_Data!$J$2:$J$200,"Engaged") -> 6 | E21: =IF(B21=0,0,D21/B21) -> 0.4 | F21: =SUMIFS($AB$2:$AB$200,Clean_Data!$C$2:$C$200,A21) -> 8 | G21: =IF(C21=0,0,F21/C21) -> 0.8 | H21: =SUMIFS($AC$2:$AC$200,Clean_Data!$C$2:$C$200,A21) -> 4 | AA21: =IF(Clean_Data!A21="","",IFERROR(INDEX($D$7:$D$13,MATCH(Clean_Data!J21,$A$7:$A$13,0)),0)) -> 1 | AB21: =IF(Clean_Data!A21="","",IF(AND(AA21=1,Clean_Data!V21="Yes"),1,0)) -> 1 | AC21: =IF(Clean_Data!A21="","",IF(Clean_Data!W21="Yes",1,0)) -> 1 | AD21: =IF(AB21=1,Settings!$B$2-Clean_Data!N21+ROW()/100000,"") -> 179.00021 | AE21: =IF(AC21=1,Clean_Data!U21+ROW()/100000,"") -> 218.00021 | AF21: =IF(Clean_Data!A21="","",IF(SUMPRODUCT(--ISNUMBER(SEARCH({"STATUS_CONFLICT","NEAR_DUP_KEPT","ID_INFERRED","REGION_REVIEW","DATE_ORDER","DATE_FUTURE","FOLLOWUP_BEFORE","INTERACTIONS_","OWNER_MISSING","ENG_MISSING","CHANNEL_MISSING","FOLLOWUP_MISSING","EMAIL_MISSING","EMAIL_INVALID","PHONE_MISSING","PHONE_INVALID"},Clean_Data!S21)))>0,1,0)) -> 0 | AG21: =IF(Clean_Data!A21="","",IF(SUMPRODUCT(--ISNUMBER(SEARCH({"DATE_ORDER","DATE_FUTURE","FOLLOWUP_BEFORE"},Clean_Data!S21)))>0,1,0)) -> 0
A22: Americas | B22: =COUNTIF(Clean_Data!$C$2:$C$200,A22) -> 14 | C22: =SUMIFS($AA$2:$AA$200,Clean_Data!$C$2:$C$200,A22) -> 11 | D22: =COUNTIFS(Clean_Data!$C$2:$C$200,A22,Clean_Data!$J$2:$J$200,"Engaged") -> 3 | E22: =IF(B22=0,0,D22/B22) -> 0.21428571 | F22: =SUMIFS($AB$2:$AB$200,Clean_Data!$C$2:$C$200,A22) -> 4 | G22: =IF(C22=0,0,F22/C22) -> 0.36363636 | H22: =SUMIFS($AC$2:$AC$200,Clean_Data!$C$2:$C$200,A22) -> 1 | AA22: =IF(Clean_Data!A22="","",IFERROR(INDEX($D$7:$D$13,MATCH(Clean_Data!J22,$A$7:$A$13,0)),0)) -> 1 | AB22: =IF(Clean_Data!A22="","",IF(AND(AA22=1,Clean_Data!V22="Yes"),1,0)) -> 1 | AC22: =IF(Clean_Data!A22="","",IF(Clean_Data!W22="Yes",1,0)) -> 0 | AD22: =IF(AB22=1,Settings!$B$2-Clean_Data!N22+ROW()/100000,"") -> 21.00022 | AE22: =IF(AC22=1,Clean_Data!U22+ROW()/100000,"") | AF22: =IF(Clean_Data!A22="","",IF(SUMPRODUCT(--ISNUMBER(SEARCH({"STATUS_CONFLICT","NEAR_DUP_KEPT","ID_INFERRED","REGION_REVIEW","DATE_ORDER","DATE_FUTURE","FOLLOWUP_BEFORE","INTERACTIONS_","OWNER_MISSING","ENG_MISSING","CHANNEL_MISSING","FOLLOWUP_MISSING","EMAIL_MISSING","EMAIL_INVALID","PHONE_MISSING","PHONE_INVALID"},Clean_Data!S22)))>0,1,0)) -> 0 | AG22: =IF(Clean_Data!A22="","",IF(SUMPRODUCT(--ISNUMBER(SEARCH({"DATE_ORDER","DATE_FUTURE","FOLLOWUP_BEFORE"},Clean_Data!S22)))>0,1,0)) -> 0
A23: Middle East & North Africa | B23: =COUNTIF(Clean_Data!$C$2:$C$200,A23) -> 12 | C23: =SUMIFS($AA$2:$AA$200,Clean_Data!$C$2:$C$200,A23) -> 7 | D23: =COUNTIFS(Clean_Data!$C$2:$C$200,A23,Clean_Data!$J$2:$J$200,"Engaged") -> 3 | E23: =IF(B23=0,0,D23/B23) -> 0.25 | F23: =SUMIFS($AB$2:$AB$200,Clean_Data!$C$2:$C$200,A23) -> 1 | G23: =IF(C23=0,0,F23/C23) -> 0.14285714 | H23: =SUMIFS($AC$2:$AC$200,Clean_Data!$C$2:$C$200,A23) -> 1 | AA23: =IF(Clean_Data!A23="","",IFERROR(INDEX($D$7:$D$13,MATCH(Clean_Data!J23,$A$7:$A$13,0)),0)) -> 1 | AB23: =IF(Clean_Data!A23="","",IF(AND(AA23=1,Clean_Data!V23="Yes"),1,0)) -> 1 | AC23: =IF(Clean_Data!A23="","",IF(Clean_Data!W23="Yes",1,0)) -> 0 | AD23: =IF(AB23=1,Settings!$B$2-Clean_Data!N23+ROW()/100000,"") -> 26.00023 | AE23: =IF(AC23=1,Clean_Data!U23+ROW()/100000,"") | AF23: =IF(Clean_Data!A23="","",IF(SUMPRODUCT(--ISNUMBER(SEARCH({"STATUS_CONFLICT","NEAR_DUP_KEPT","ID_INFERRED","REGION_REVIEW","DATE_ORDER","DATE_FUTURE","FOLLOWUP_BEFORE","INTERACTIONS_","OWNER_MISSING","ENG_MISSING","CHANNEL_MISSING","FOLLOWUP_MISSING","EMAIL_MISSING","EMAIL_INVALID","PHONE_MISSING","PHONE_INVALID"},Clean_Data!S23)))>0,1,0)) -> 1 | AG23: =IF(Clean_Data!A23="","",IF(SUMPRODUCT(--ISNUMBER(SEARCH({"DATE_ORDER","DATE_FUTURE","FOLLOWUP_BEFORE"},Clean_Data!S23)))>0,1,0)) -> 0
A24: South & Central Asia | B24: =COUNTIF(Clean_Data!$C$2:$C$200,A24) -> 7 | C24: =SUMIFS($AA$2:$AA$200,Clean_Data!$C$2:$C$200,A24) -> 5 | D24: =COUNTIFS(Clean_Data!$C$2:$C$200,A24,Clean_Data!$J$2:$J$200,"Engaged") -> 1 | E24: =IF(B24=0,0,D24/B24) -> 0.14285714 | F24: =SUMIFS($AB$2:$AB$200,Clean_Data!$C$2:$C$200,A24) -> 4 | G24: =IF(C24=0,0,F24/C24) -> 0.8 | H24: =SUMIFS($AC$2:$AC$200,Clean_Data!$C$2:$C$200,A24) -> 2 | AA24: =IF(Clean_Data!A24="","",IFERROR(INDEX($D$7:$D$13,MATCH(Clean_Data!J24,$A$7:$A$13,0)),0)) -> 1 | AB24: =IF(Clean_Data!A24="","",IF(AND(AA24=1,Clean_Data!V24="Yes"),1,0)) -> 0 | AC24: =IF(Clean_Data!A24="","",IF(Clean_Data!W24="Yes",1,0)) -> 0 | AD24: =IF(AB24=1,Settings!$B$2-Clean_Data!N24+ROW()/100000,"") | AE24: =IF(AC24=1,Clean_Data!U24+ROW()/100000,"") | AF24: =IF(Clean_Data!A24="","",IF(SUMPRODUCT(--ISNUMBER(SEARCH({"STATUS_CONFLICT","NEAR_DUP_KEPT","ID_INFERRED","REGION_REVIEW","DATE_ORDER","DATE_FUTURE","FOLLOWUP_BEFORE","INTERACTIONS_","OWNER_MISSING","ENG_MISSING","CHANNEL_MISSING","FOLLOWUP_MISSING","EMAIL_MISSING","EMAIL_INVALID","PHONE_MISSING","PHONE_INVALID"},Clean_Data!S24)))>0,1,0)) -> 0 | AG24: =IF(Clean_Data!A24="","",IF(SUMPRODUCT(--ISNUMBER(SEARCH({"DATE_ORDER","DATE_FUTURE","FOLLOWUP_BEFORE"},Clean_Data!S24)))>0,1,0)) -> 0
A25: Total | B25: =SUM(B19:B24) -> 84 | C25: =SUM(C19:C24) -> 59 | D25: =SUM(D19:D24) -> 19 | E25: =IF(B25=0,0,D25/B25) -> 0.22619048 | F25: =SUM(F19:F24) -> 30 | G25: =IF(C25=0,0,F25/C25) -> 0.50847458 | H25: =SUM(H19:H24) -> 13 | AA25: =IF(Clean_Data!A25="","",IFERROR(INDEX($D$7:$D$13,MATCH(Clean_Data!J25,$A$7:$A$13,0)),0)) -> 1 | AB25: =IF(Clean_Data!A25="","",IF(AND(AA25=1,Clean_Data!V25="Yes"),1,0)) -> 1 | AC25: =IF(Clean_Data!A25="","",IF(Clean_Data!W25="Yes",1,0)) -> 1 | AD25: =IF(AB25=1,Settings!$B$2-Clean_Data!N25+ROW()/100000,"") -> 73.00025 | AE25: =IF(AC25=1,Clean_Data!U25+ROW()/100000,"") -> 128.00025 | AF25: =IF(Clean_Data!A25="","",IF(SUMPRODUCT(--ISNUMBER(SEARCH({"STATUS_CONFLICT","NEAR_DUP_KEPT","ID_INFERRED","REGION_REVIEW","DATE_ORDER","DATE_FUTURE","FOLLOWUP_BEFORE","INTERACTIONS_","OWNER_MISSING","ENG_MISSING","CHANNEL_MISSING","FOLLOWUP_MISSING","EMAIL_MISSING","EMAIL_INVALID","PHONE_MISSING","PHONE_INVALID"},Clean_Data!S25)))>0,1,0)) -> 1 | AG25: =IF(Clean_Data!A25="","",IF(SUMPRODUCT(--ISNUMBER(SEARCH({"DATE_ORDER","DATE_FUTURE","FOLLOWUP_BEFORE"},Clean_Data!S25)))>0,1,0)) -> 0
AA26: =IF(Clean_Data!A26="","",IFERROR(INDEX($D$7:$D$13,MATCH(Clean_Data!J26,$A$7:$A$13,0)),0)) -> 1 | AB26: =IF(Clean_Data!A26="","",IF(AND(AA26=1,Clean_Data!V26="Yes"),1,0)) -> 1 | AC26: =IF(Clean_Data!A26="","",IF(Clean_Data!W26="Yes",1,0)) -> 0 | AD26: =IF(AB26=1,Settings!$B$2-Clean_Data!N26+ROW()/100000,"") -> 30.00026 | AE26: =IF(AC26=1,Clean_Data!U26+ROW()/100000,"") | AF26: =IF(Clean_Data!A26="","",IF(SUMPRODUCT(--ISNUMBER(SEARCH({"STATUS_CONFLICT","NEAR_DUP_KEPT","ID_INFERRED","REGION_REVIEW","DATE_ORDER","DATE_FUTURE","FOLLOWUP_BEFORE","INTERACTIONS_","OWNER_MISSING","ENG_MISSING","CHANNEL_MISSING","FOLLOWUP_MISSING","EMAIL_MISSING","EMAIL_INVALID","PHONE_MISSING","PHONE_INVALID"},Clean_Data!S26)))>0,1,0)) -> 1 | AG26: =IF(Clean_Data!A26="","",IF(SUMPRODUCT(--ISNUMBER(SEARCH({"DATE_ORDER","DATE_FUTURE","FOLLOWUP_BEFORE"},Clean_Data!S26)))>0,1,0)) -> 0
A27: 3. Owner workload | AA27: =IF(Clean_Data!A27="","",IFERROR(INDEX($D$7:$D$13,MATCH(Clean_Data!J27,$A$7:$A$13,0)),0)) -> 0 | AB27: =IF(Clean_Data!A27="","",IF(AND(AA27=1,Clean_Data!V27="Yes"),1,0)) -> 0 | AC27: =IF(Clean_Data!A27="","",IF(Clean_Data!W27="Yes",1,0)) -> 0 | AD27: =IF(AB27=1,Settings!$B$2-Clean_Data!N27+ROW()/100000,"") | AE27: =IF(AC27=1,Clean_Data!U27+ROW()/100000,"") | AF27: =IF(Clean_Data!A27="","",IF(SUMPRODUCT(--ISNUMBER(SEARCH({"STATUS_CONFLICT","NEAR_DUP_KEPT","ID_INFERRED","REGION_REVIEW","DATE_ORDER","DATE_FUTURE","FOLLOWUP_BEFORE","INTERACTIONS_","OWNER_MISSING","ENG_MISSING","CHANNEL_MISSING","FOLLOWUP_MISSING","EMAIL_MISSING","EMAIL_INVALID","PHONE_MISSING","PHONE_INVALID"},Clean_Data!S27)))>0,1,0)) -> 1 | AG27: =IF(Clean_Data!A27="","",IF(SUMPRODUCT(--ISNUMBER(SEARCH({"DATE_ORDER","DATE_FUTURE","FOLLOWUP_BEFORE"},Clean_Data!S27)))>0,1,0)) -> 0
A28: Owner | B28: Embassies | C28: Active | D28: Overdue (active) | E28: Overdue % of active | F28: Silent (active) | AA28: =IF(Clean_Data!A28="","",IFERROR(INDEX($D$7:$D$13,MATCH(Clean_Data!J28,$A$7:$A$13,0)),0)) -> 1 | AB28: =IF(Clean_Data!A28="","",IF(AND(AA28=1,Clean_Data!V28="Yes"),1,0)) -> 1 | AC28: =IF(Clean_Data!A28="","",IF(Clean_Data!W28="Yes",1,0)) -> 0 | AD28: =IF(AB28=1,Settings!$B$2-Clean_Data!N28+ROW()/100000,"") -> 7.00028 | AE28: =IF(AC28=1,Clean_Data!U28+ROW()/100000,"") | AF28: =IF(Clean_Data!A28="","",IF(SUMPRODUCT(--ISNUMBER(SEARCH({"STATUS_CONFLICT","NEAR_DUP_KEPT","ID_INFERRED","REGION_REVIEW","DATE_ORDER","DATE_FUTURE","FOLLOWUP_BEFORE","INTERACTIONS_","OWNER_MISSING","ENG_MISSING","CHANNEL_MISSING","FOLLOWUP_MISSING","EMAIL_MISSING","EMAIL_INVALID","PHONE_MISSING","PHONE_INVALID"},Clean_Data!S28)))>0,1,0)) -> 0 | AG28: =IF(Clean_Data!A28="","",IF(SUMPRODUCT(--ISNUMBER(SEARCH({"DATE_ORDER","DATE_FUTURE","FOLLOWUP_BEFORE"},Clean_Data!S28)))>0,1,0)) -> 0
A29: Anita Deshmukh | B29: =COUNTIF(Clean_Data!$K$2:$K$200,A29) -> 8 | C29: =SUMIFS($AA$2:$AA$200,Clean_Data!$K$2:$K$200,A29) -> 5 | D29: =SUMIFS($AB$2:$AB$200,Clean_Data!$K$2:$K$200,A29) -> 2 | E29: =IF(C29=0,0,D29/C29) -> 0.4 | F29: =SUMIFS($AC$2:$AC$200,Clean_Data!$K$2:$K$200,A29) -> 1 | AA29: =IF(Clean_Data!A29="","",IFERROR(INDEX($D$7:$D$13,MATCH(Clean_Data!J29,$A$7:$A$13,0)),0)) -> 0 | AB29: =IF(Clean_Data!A29="","",IF(AND(AA29=1,Clean_Data!V29="Yes"),1,0)) -> 0 | AC29: =IF(Clean_Data!A29="","",IF(Clean_Data!W29="Yes",1,0)) -> 0 | AD29: =IF(AB29=1,Settings!$B$2-Clean_Data!N29+ROW()/100000,"") | AE29: =IF(AC29=1,Clean_Data!U29+ROW()/100000,"") | AF29: =IF(Clean_Data!A29="","",IF(SUMPRODUCT(--ISNUMBER(SEARCH({"STATUS_CONFLICT","NEAR_DUP_KEPT","ID_INFERRED","REGION_REVIEW","DATE_ORDER","DATE_FUTURE","FOLLOWUP_BEFORE","INTERACTIONS_","OWNER_MISSING","ENG_MISSING","CHANNEL_MISSING","FOLLOWUP_MISSING","EMAIL_MISSING","EMAIL_INVALID","PHONE_MISSING","PHONE_INVALID"},Clean_Data!S29)))>0,1,0)) -> 1 | AG29: =IF(Clean_Data!A29="","",IF(SUMPRODUCT(--ISNUMBER(SEARCH({"DATE_ORDER","DATE_FUTURE","FOLLOWUP_BEFORE"},Clean_Data!S29)))>0,1,0)) -> 0
A30: Arjun Mehta | B30: =COUNTIF(Clean_Data!$K$2:$K$200,A30) -> 13 | C30: =SUMIFS($AA$2:$AA$200,Clean_Data!$K$2:$K$200,A30) -> 9 | D30: =SUMIFS($AB$2:$AB$200,Clean_Data!$K$2:$K$200,A30) -> 5 | E30: =IF(C30=0,0,D30/C30) -> 0.55555556 | F30: =SUMIFS($AC$2:$AC$200,Clean_Data!$K$2:$K$200,A30) -> 4 | AA30: =IF(Clean_Data!A30="","",IFERROR(INDEX($D$7:$D$13,MATCH(Clean_Data!J30,$A$7:$A$13,0)),0)) -> 1 | AB30: =IF(Clean_Data!A30="","",IF(AND(AA30=1,Clean_Data!V30="Yes"),1,0)) -> 0 | AC30: =IF(Clean_Data!A30="","",IF(Clean_Data!W30="Yes",1,0)) -> 0 | AD30: =IF(AB30=1,Settings!$B$2-Clean_Data!N30+ROW()/100000,"") | AE30: =IF(AC30=1,Clean_Data!U30+ROW()/100000,"") | AF30: =IF(Clean_Data!A30="","",IF(SUMPRODUCT(--ISNUMBER(SEARCH({"STATUS_CONFLICT","NEAR_DUP_KEPT","ID_INFERRED","REGION_REVIEW","DATE_ORDER","DATE_FUTURE","FOLLOWUP_BEFORE","INTERACTIONS_","OWNER_MISSING","ENG_MISSING","CHANNEL_MISSING","FOLLOWUP_MISSING","EMAIL_MISSING","EMAIL_INVALID","PHONE_MISSING","PHONE_INVALID"},Clean_Data!S30)))>0,1,0)) -> 0 | AG30: =IF(Clean_Data!A30="","",IF(SUMPRODUCT(--ISNUMBER(SEARCH({"DATE_ORDER","DATE_FUTURE","FOLLOWUP_BEFORE"},Clean_Data!S30)))>0,1,0)) -> 0
A31: Neha Kulkarni | B31: =COUNTIF(Clean_Data!$K$2:$K$200,A31) -> 14 | C31: =SUMIFS($AA$2:$AA$200,Clean_Data!$K$2:$K$200,A31) -> 9 | D31: =SUMIFS($AB$2:$AB$200,Clean_Data!$K$2:$K$200,A31) -> 6 | E31: =IF(C31=0,0,D31/C31) -> 0.66666667 | F31: =SUMIFS($AC$2:$AC$200,Clean_Data!$K$2:$K$200,A31) -> 2 | AA31: =IF(Clean_Data!A31="","",IFERROR(INDEX($D$7:$D$13,MATCH(Clean_Data!J31,$A$7:$A$13,0)),0)) -> 0 | AB31: =IF(Clean_Data!A31="","",IF(AND(AA31=1,Clean_Data!V31="Yes"),1,0)) -> 0 | AC31: =IF(Clean_Data!A31="","",IF(Clean_Data!W31="Yes",1,0)) -> 0 | AD31: =IF(AB31=1,Settings!$B$2-Clean_Data!N31+ROW()/100000,"") | AE31: =IF(AC31=1,Clean_Data!U31+ROW()/100000,"") | AF31: =IF(Clean_Data!A31="","",IF(SUMPRODUCT(--ISNUMBER(SEARCH({"STATUS_CONFLICT","NEAR_DUP_KEPT","ID_INFERRED","REGION_REVIEW","DATE_ORDER","DATE_FUTURE","FOLLOWUP_BEFORE","INTERACTIONS_","OWNER_MISSING","ENG_MISSING","CHANNEL_MISSING","FOLLOWUP_MISSING","EMAIL_MISSING","EMAIL_INVALID","PHONE_MISSING","PHONE_INVALID"},Clean_Data!S31)))>0,1,0)) -> 0 | AG31: =IF(Clean_Data!A31="","",IF(SUMPRODUCT(--ISNUMBER(SEARCH({"DATE_ORDER","DATE_FUTURE","FOLLOWUP_BEFORE"},Clean_Data!S31)))>0,1,0)) -> 0
A32: Priya Nair | B32: =COUNTIF(Clean_Data!$K$2:$K$200,A32) -> 14 | C32: =SUMIFS($AA$2:$AA$200,Clean_Data!$K$2:$K$200,A32) -> 11 | D32: =SUMIFS($AB$2:$AB$200,Clean_Data!$K$2:$K$200,A32) -> 8 | E32: =IF(C32=0,0,D32/C32) -> 0.72727273 | F32: =SUMIFS($AC$2:$AC$200,Clean_Data!$K$2:$K$200,A32) -> 2 | AA32: =IF(Clean_Data!A32="","",IFERROR(INDEX($D$7:$D$13,MATCH(Clean_Data!J32,$A$7:$A$13,0)),0)) -> 1 | AB32: =IF(Clean_Data!A32="","",IF(AND(AA32=1,Clean_Data!V32="Yes"),1,0)) -> 1 | AC32: =IF(Clean_Data!A32="","",IF(Clean_Data!W32="Yes",1,0)) -> 0 | AD32: =IF(AB32=1,Settings!$B$2-Clean_Data!N32+ROW()/100000,"") -> 51.00032 | AE32: =IF(AC32=1,Clean_Data!U32+ROW()/100000,"") | AF32: =IF(Clean_Data!A32="","",IF(SUMPRODUCT(--ISNUMBER(SEARCH({"STATUS_CONFLICT","NEAR_DUP_KEPT","ID_INFERRED","REGION_REVIEW","DATE_ORDER","DATE_FUTURE","FOLLOWUP_BEFORE","INTERACTIONS_","OWNER_MISSING","ENG_MISSING","CHANNEL_MISSING","FOLLOWUP_MISSING","EMAIL_MISSING","EMAIL_INVALID","PHONE_MISSING","PHONE_INVALID"},Clean_Data!S32)))>0,1,0)) -> 1 | AG32: =IF(Clean_Data!A32="","",IF(SUMPRODUCT(--ISNUMBER(SEARCH({"DATE_ORDER","DATE_FUTURE","FOLLOWUP_BEFORE"},Clean_Data!S32)))>0,1,0)) -> 0
A33: Rahul Verma | B33: =COUNTIF(Clean_Data!$K$2:$K$200,A33) -> 13 | C33: =SUMIFS($AA$2:$AA$200,Clean_Data!$K$2:$K$200,A33) -> 9 | D33: =SUMIFS($AB$2:$AB$200,Clean_Data!$K$2:$K$200,A33) -> 1 | E33: =IF(C33=0,0,D33/C33) -> 0.11111111 | F33: =SUMIFS($AC$2:$AC$200,Clean_Data!$K$2:$K$200,A33) -> 0 | AA33: =IF(Clean_Data!A33="","",IFERROR(INDEX($D$7:$D$13,MATCH(Clean_Data!J33,$A$7:$A$13,0)),0)) -> 1 | AB33: =IF(Clean_Data!A33="","",IF(AND(AA33=1,Clean_Data!V33="Yes"),1,0)) -> 0 | AC33: =IF(Clean_Data!A33="","",IF(Clean_Data!W33="Yes",1,0)) -> 0 | AD33: =IF(AB33=1,Settings!$B$2-Clean_Data!N33+ROW()/100000,"") | AE33: =IF(AC33=1,Clean_Data!U33+ROW()/100000,"") | AF33: =IF(Clean_Data!A33="","",IF(SUMPRODUCT(--ISNUMBER(SEARCH({"STATUS_CONFLICT","NEAR_DUP_KEPT","ID_INFERRED","REGION_REVIEW","DATE_ORDER","DATE_FUTURE","FOLLOWUP_BEFORE","INTERACTIONS_","OWNER_MISSING","ENG_MISSING","CHANNEL_MISSING","FOLLOWUP_MISSING","EMAIL_MISSING","EMAIL_INVALID","PHONE_MISSING","PHONE_INVALID"},Clean_Data!S33)))>0,1,0)) -> 0 | AG33: =IF(Clean_Data!A33="","",IF(SUMPRODUCT(--ISNUMBER(SEARCH({"DATE_ORDER","DATE_FUTURE","FOLLOWUP_BEFORE"},Clean_Data!S33)))>0,1,0)) -> 0
A34: Sameer Khan | B34: =COUNTIF(Clean_Data!$K$2:$K$200,A34) -> 14 | C34: =SUMIFS($AA$2:$AA$200,Clean_Data!$K$2:$K$200,A34) -> 11 | D34: =SUMIFS($AB$2:$AB$200,Clean_Data!$K$2:$K$200,A34) -> 6 | E34: =IF(C34=0,0,D34/C34) -> 0.54545455 | F34: =SUMIFS($AC$2:$AC$200,Clean_Data!$K$2:$K$200,A34) -> 3 | AA34: =IF(Clean_Data!A34="","",IFERROR(INDEX($D$7:$D$13,MATCH(Clean_Data!J34,$A$7:$A$13,0)),0)) -> 1 | AB34: =IF(Clean_Data!A34="","",IF(AND(AA34=1,Clean_Data!V34="Yes"),1,0)) -> 1 | AC34: =IF(Clean_Data!A34="","",IF(Clean_Data!W34="Yes",1,0)) -> 0 | AD34: =IF(AB34=1,Settings!$B$2-Clean_Data!N34+ROW()/100000,"") -> 22.00034 | AE34: =IF(AC34=1,Clean_Data!U34+ROW()/100000,"") | AF34: =IF(Clean_Data!A34="","",IF(SUMPRODUCT(--ISNUMBER(SEARCH({"STATUS_CONFLICT","NEAR_DUP_KEPT","ID_INFERRED","REGION_REVIEW","DATE_ORDER","DATE_FUTURE","FOLLOWUP_BEFORE","INTERACTIONS_","OWNER_MISSING","ENG_MISSING","CHANNEL_MISSING","FOLLOWUP_MISSING","EMAIL_MISSING","EMAIL_INVALID","PHONE_MISSING","PHONE_INVALID"},Clean_Data!S34)))>0,1,0)) -> 1 | AG34: =IF(Clean_Data!A34="","",IF(SUMPRODUCT(--ISNUMBER(SEARCH({"DATE_ORDER","DATE_FUTURE","FOLLOWUP_BEFORE"},Clean_Data!S34)))>0,1,0)) -> 0
A35: Unassigned | B35: =COUNTIF(Clean_Data!$K$2:$K$200,A35) -> 8 | C35: =SUMIFS($AA$2:$AA$200,Clean_Data!$K$2:$K$200,A35) -> 5 | D35: =SUMIFS($AB$2:$AB$200,Clean_Data!$K$2:$K$200,A35) -> 2 | E35: =IF(C35=0,0,D35/C35) -> 0.4 | F35: =SUMIFS($AC$2:$AC$200,Clean_Data!$K$2:$K$200,A35) -> 1 | AA35: =IF(Clean_Data!A35="","",IFERROR(INDEX($D$7:$D$13,MATCH(Clean_Data!J35,$A$7:$A$13,0)),0)) -> 1 | AB35: =IF(Clean_Data!A35="","",IF(AND(AA35=1,Clean_Data!V35="Yes"),1,0)) -> 0 | AC35: =IF(Clean_Data!A35="","",IF(Clean_Data!W35="Yes",1,0)) -> 0 | AD35: =IF(AB35=1,Settings!$B$2-Clean_Data!N35+ROW()/100000,"") | AE35: =IF(AC35=1,Clean_Data!U35+ROW()/100000,"") | AF35: =IF(Clean_Data!A35="","",IF(SUMPRODUCT(--ISNUMBER(SEARCH({"STATUS_CONFLICT","NEAR_DUP_KEPT","ID_INFERRED","REGION_REVIEW","DATE_ORDER","DATE_FUTURE","FOLLOWUP_BEFORE","INTERACTIONS_","OWNER_MISSING","ENG_MISSING","CHANNEL_MISSING","FOLLOWUP_MISSING","EMAIL_MISSING","EMAIL_INVALID","PHONE_MISSING","PHONE_INVALID"},Clean_Data!S35)))>0,1,0)) -> 1 | AG35: =IF(Clean_Data!A35="","",IF(SUMPRODUCT(--ISNUMBER(SEARCH({"DATE_ORDER","DATE_FUTURE","FOLLOWUP_BEFORE"},Clean_Data!S35)))>0,1,0)) -> 0
A36: Total | B36: =SUM(B29:B35) -> 84 | C36: =SUM(C29:C35) -> 59 | D36: =SUM(D29:D35) -> 30 | E36: =IF(C36=0,0,D36/C36) -> 0.50847458 | F36: =SUM(F29:F35) -> 13 | AA36: =IF(Clean_Data!A36="","",IFERROR(INDEX($D$7:$D$13,MATCH(Clean_Data!J36,$A$7:$A$13,0)),0)) -> 0 | AB36: =IF(Clean_Data!A36="","",IF(AND(AA36=1,Clean_Data!V36="Yes"),1,0)) -> 0 | AC36: =IF(Clean_Data!A36="","",IF(Clean_Data!W36="Yes",1,0)) -> 0 | AD36: =IF(AB36=1,Settings!$B$2-Clean_Data!N36+ROW()/100000,"") | AE36: =IF(AC36=1,Clean_Data!U36+ROW()/100000,"") | AF36: =IF(Clean_Data!A36="","",IF(SUMPRODUCT(--ISNUMBER(SEARCH({"STATUS_CONFLICT","NEAR_DUP_KEPT","ID_INFERRED","REGION_REVIEW","DATE_ORDER","DATE_FUTURE","FOLLOWUP_BEFORE","INTERACTIONS_","OWNER_MISSING","ENG_MISSING","CHANNEL_MISSING","FOLLOWUP_MISSING","EMAIL_MISSING","EMAIL_INVALID","PHONE_MISSING","PHONE_INVALID"},Clean_Data!S36)))>0,1,0)) -> 0 | AG36: =IF(Clean_Data!A36="","",IF(SUMPRODUCT(--ISNUMBER(SEARCH({"DATE_ORDER","DATE_FUTURE","FOLLOWUP_BEFORE"},Clean_Data!S36)))>0,1,0)) -> 0
AA37: =IF(Clean_Data!A37="","",IFERROR(INDEX($D$7:$D$13,MATCH(Clean_Data!J37,$A$7:$A$13,0)),0)) -> 1 | AB37: =IF(Clean_Data!A37="","",IF(AND(AA37=1,Clean_Data!V37="Yes"),1,0)) -> 0 | AC37: =IF(Clean_Data!A37="","",IF(Clean_Data!W37="Yes",1,0)) -> 0 | AD37: =IF(AB37=1,Settings!$B$2-Clean_Data!N37+ROW()/100000,"") | AE37: =IF(AC37=1,Clean_Data!U37+ROW()/100000,"") | AF37: =IF(Clean_Data!A37="","",IF(SUMPRODUCT(--ISNUMBER(SEARCH({"STATUS_CONFLICT","NEAR_DUP_KEPT","ID_INFERRED","REGION_REVIEW","DATE_ORDER","DATE_FUTURE","FOLLOWUP_BEFORE","INTERACTIONS_","OWNER_MISSING","ENG_MISSING","CHANNEL_MISSING","FOLLOWUP_MISSING","EMAIL_MISSING","EMAIL_INVALID","PHONE_MISSING","PHONE_INVALID"},Clean_Data!S37)))>0,1,0)) -> 0 | AG37: =IF(Clean_Data!A37="","",IF(SUMPRODUCT(--ISNUMBER(SEARCH({"DATE_ORDER","DATE_FUTURE","FOLLOWUP_BEFORE"},Clean_Data!S37)))>0,1,0)) -> 0
A38: 4. Region x status (embassy counts) | AA38: =IF(Clean_Data!A38="","",IFERROR(INDEX($D$7:$D$13,MATCH(Clean_Data!J38,$A$7:$A$13,0)),0)) -> 1 | AB38: =IF(Clean_Data!A38="","",IF(AND(AA38=1,Clean_Data!V38="Yes"),1,0)) -> 0 | AC38: =IF(Clean_Data!A38="","",IF(Clean_Data!W38="Yes",1,0)) -> 0 | AD38: =IF(AB38=1,Settings!$B$2-Clean_Data!N38+ROW()/100000,"") | AE38: =IF(AC38=1,Clean_Data!U38+ROW()/100000,"") | AF38: =IF(Clean_Data!A38="","",IF(SUMPRODUCT(--ISNUMBER(SEARCH({"STATUS_CONFLICT","NEAR_DUP_KEPT","ID_INFERRED","REGION_REVIEW","DATE_ORDER","DATE_FUTURE","FOLLOWUP_BEFORE","INTERACTIONS_","OWNER_MISSING","ENG_MISSING","CHANNEL_MISSING","FOLLOWUP_MISSING","EMAIL_MISSING","EMAIL_INVALID","PHONE_MISSING","PHONE_INVALID"},Clean_Data!S38)))>0,1,0)) -> 0 | AG38: =IF(Clean_Data!A38="","",IF(SUMPRODUCT(--ISNUMBER(SEARCH({"DATE_ORDER","DATE_FUTURE","FOLLOWUP_BEFORE"},Clean_Data!S38)))>0,1,0)) -> 0
A39: Region | B39: Not Started | C39: Initial Contact | D39: In Discussion | E39: Meeting Scheduled | F39: Engaged | G39: On Hold | H39: Closed | AA39: =IF(Clean_Data!A39="","",IFERROR(INDEX($D$7:$D$13,MATCH(Clean_Data!J39,$A$7:$A$13,0)),0)) -> 1 | AB39: =IF(Clean_Data!A39="","",IF(AND(AA39=1,Clean_Data!V39="Yes"),1,0)) -> 0 | AC39: =IF(Clean_Data!A39="","",IF(Clean_Data!W39="Yes",1,0)) -> 0 | AD39: =IF(AB39=1,Settings!$B$2-Clean_Data!N39+ROW()/100000,"") | AE39: =IF(AC39=1,Clean_Data!U39+ROW()/100000,"") | AF39: =IF(Clean_Data!A39="","",IF(SUMPRODUCT(--ISNUMBER(SEARCH({"STATUS_CONFLICT","NEAR_DUP_KEPT","ID_INFERRED","REGION_REVIEW","DATE_ORDER","DATE_FUTURE","FOLLOWUP_BEFORE","INTERACTIONS_","OWNER_MISSING","ENG_MISSING","CHANNEL_MISSING","FOLLOWUP_MISSING","EMAIL_MISSING","EMAIL_INVALID","PHONE_MISSING","PHONE_INVALID"},Clean_Data!S39)))>0,1,0)) -> 1 | AG39: =IF(Clean_Data!A39="","",IF(SUMPRODUCT(--ISNUMBER(SEARCH({"DATE_ORDER","DATE_FUTURE","FOLLOWUP_BEFORE"},Clean_Data!S39)))>0,1,0)) -> 1
A40: Europe | B40: =COUNTIFS(Clean_Data!$C$2:$C$200,$A40,Clean_Data!$J$2:$J$200,B$39) -> 4 | C40: =COUNTIFS(Clean_Data!$C$2:$C$200,$A40,Clean_Data!$J$2:$J$200,C$39) -> 4 | D40: =COUNTIFS(Clean_Data!$C$2:$C$200,$A40,Clean_Data!$J$2:$J$200,D$39) -> 4 | E40: =COUNTIFS(Clean_Data!$C$2:$C$200,$A40,Clean_Data!$J$2:$J$200,E$39) -> 3 | F40: =COUNTIFS(Clean_Data!$C$2:$C$200,$A40,Clean_Data!$J$2:$J$200,F$39) -> 3 | G40: =COUNTIFS(Clean_Data!$C$2:$C$200,$A40,Clean_Data!$J$2:$J$200,G$39) -> 3 | H40: =COUNTIFS(Clean_Data!$C$2:$C$200,$A40,Clean_Data!$J$2:$J$200,H$39) -> 0 | AA40: =IF(Clean_Data!A40="","",IFERROR(INDEX($D$7:$D$13,MATCH(Clean_Data!J40,$A$7:$A$13,0)),0)) -> 1 | AB40: =IF(Clean_Data!A40="","",IF(AND(AA40=1,Clean_Data!V40="Yes"),1,0)) -> 0 | AC40: =IF(Clean_Data!A40="","",IF(Clean_Data!W40="Yes",1,0)) -> 0 | AD40: =IF(AB40=1,Settings!$B$2-Clean_Data!N40+ROW()/100000,"") | AE40: =IF(AC40=1,Clean_Data!U40+ROW()/100000,"") | AF40: =IF(Clean_Data!A40="","",IF(SUMPRODUCT(--ISNUMBER(SEARCH({"STATUS_CONFLICT","NEAR_DUP_KEPT","ID_INFERRED","REGION_REVIEW","DATE_ORDER","DATE_FUTURE","FOLLOWUP_BEFORE","INTERACTIONS_","OWNER_MISSING","ENG_MISSING","CHANNEL_MISSING","FOLLOWUP_MISSING","EMAIL_MISSING","EMAIL_INVALID","PHONE_MISSING","PHONE_INVALID"},Clean_Data!S40)))>0,1,0)) -> 1 | AG40: =IF(Clean_Data!A40="","",IF(SUMPRODUCT(--ISNUMBER(SEARCH({"DATE_ORDER","DATE_FUTURE","FOLLOWUP_BEFORE"},Clean_Data!S40)))>0,1,0)) -> 0
A41: Asia-Pacific | B41: =COUNTIFS(Clean_Data!$C$2:$C$200,$A41,Clean_Data!$J$2:$J$200,B$39) -> 1 | C41: =COUNTIFS(Clean_Data!$C$2:$C$200,$A41,Clean_Data!$J$2:$J$200,C$39) -> 2 | D41: =COUNTIFS(Clean_Data!$C$2:$C$200,$A41,Clean_Data!$J$2:$J$200,D$39) -> 4 | E41: =COUNTIFS(Clean_Data!$C$2:$C$200,$A41,Clean_Data!$J$2:$J$200,E$39) -> 3 | F41: =COUNTIFS(Clean_Data!$C$2:$C$200,$A41,Clean_Data!$J$2:$J$200,F$39) -> 3 | G41: =COUNTIFS(Clean_Data!$C$2:$C$200,$A41,Clean_Data!$J$2:$J$200,G$39) -> 1 | H41: =COUNTIFS(Clean_Data!$C$2:$C$200,$A41,Clean_Data!$J$2:$J$200,H$39) -> 1 | AA41: =IF(Clean_Data!A41="","",IFERROR(INDEX($D$7:$D$13,MATCH(Clean_Data!J41,$A$7:$A$13,0)),0)) -> 1 | AB41: =IF(Clean_Data!A41="","",IF(AND(AA41=1,Clean_Data!V41="Yes"),1,0)) -> 0 | AC41: =IF(Clean_Data!A41="","",IF(Clean_Data!W41="Yes",1,0)) -> 0 | AD41: =IF(AB41=1,Settings!$B$2-Clean_Data!N41+ROW()/100000,"") | AE41: =IF(AC41=1,Clean_Data!U41+ROW()/100000,"") | AF41: =IF(Clean_Data!A41="","",IF(SUMPRODUCT(--ISNUMBER(SEARCH({"STATUS_CONFLICT","NEAR_DUP_KEPT","ID_INFERRED","REGION_REVIEW","DATE_ORDER","DATE_FUTURE","FOLLOWUP_BEFORE","INTERACTIONS_","OWNER_MISSING","ENG_MISSING","CHANNEL_MISSING","FOLLOWUP_MISSING","EMAIL_MISSING","EMAIL_INVALID","PHONE_MISSING","PHONE_INVALID"},Clean_Data!S41)))>0,1,0)) -> 1 | AG41: =IF(Clean_Data!A41="","",IF(SUMPRODUCT(--ISNUMBER(SEARCH({"DATE_ORDER","DATE_FUTURE","FOLLOWUP_BEFORE"},Clean_Data!S41)))>0,1,0)) -> 0
A42: Sub-Saharan Africa | B42: =COUNTIFS(Clean_Data!$C$2:$C$200,$A42,Clean_Data!$J$2:$J$200,B$39) -> 2 | C42: =COUNTIFS(Clean_Data!$C$2:$C$200,$A42,Clean_Data!$J$2:$J$200,C$39) -> 1 | D42: =COUNTIFS(Clean_Data!$C$2:$C$200,$A42,Clean_Data!$J$2:$J$200,D$39) -> 2 | E42: =COUNTIFS(Clean_Data!$C$2:$C$200,$A42,Clean_Data!$J$2:$J$200,E$39) -> 1 | F42: =COUNTIFS(Clean_Data!$C$2:$C$200,$A42,Clean_Data!$J$2:$J$200,F$39) -> 6 | G42: =COUNTIFS(Clean_Data!$C$2:$C$200,$A42,Clean_Data!$J$2:$J$200,G$39) -> 3 | H42: =COUNTIFS(Clean_Data!$C$2:$C$200,$A42,Clean_Data!$J$2:$J$200,H$39) -> 0 | AA42: =IF(Clean_Data!A42="","",IFERROR(INDEX($D$7:$D$13,MATCH(Clean_Data!J42,$A$7:$A$13,0)),0)) -> 0 | AB42: =IF(Clean_Data!A42="","",IF(AND(AA42=1,Clean_Data!V42="Yes"),1,0)) -> 0 | AC42: =IF(Clean_Data!A42="","",IF(Clean_Data!W42="Yes",1,0)) -> 0 | AD42: =IF(AB42=1,Settings!$B$2-Clean_Data!N42+ROW()/100000,"") | AE42: =IF(AC42=1,Clean_Data!U42+ROW()/100000,"") | AF42: =IF(Clean_Data!A42="","",IF(SUMPRODUCT(--ISNUMBER(SEARCH({"STATUS_CONFLICT","NEAR_DUP_KEPT","ID_INFERRED","REGION_REVIEW","DATE_ORDER","DATE_FUTURE","FOLLOWUP_BEFORE","INTERACTIONS_","OWNER_MISSING","ENG_MISSING","CHANNEL_MISSING","FOLLOWUP_MISSING","EMAIL_MISSING","EMAIL_INVALID","PHONE_MISSING","PHONE_INVALID"},Clean_Data!S42)))>0,1,0)) -> 1 | AG42: =IF(Clean_Data!A42="","",IF(SUMPRODUCT(--ISNUMBER(SEARCH({"DATE_ORDER","DATE_FUTURE","FOLLOWUP_BEFORE"},Clean_Data!S42)))>0,1,0)) -> 0
A43: Americas | B43: =COUNTIFS(Clean_Data!$C$2:$C$200,$A43,Clean_Data!$J$2:$J$200,B$39) -> 2 | C43: =COUNTIFS(Clean_Data!$C$2:$C$200,$A43,Clean_Data!$J$2:$J$200,C$39) -> 4 | D43: =COUNTIFS(Clean_Data!$C$2:$C$200,$A43,Clean_Data!$J$2:$J$200,D$39) -> 1 | E43: =COUNTIFS(Clean_Data!$C$2:$C$200,$A43,Clean_Data!$J$2:$J$200,E$39) -> 3 | F43: =COUNTIFS(Clean_Data!$C$2:$C$200,$A43,Clean_Data!$J$2:$J$200,F$39) -> 3 | G43: =COUNTIFS(Clean_Data!$C$2:$C$200,$A43,Clean_Data!$J$2:$J$200,G$39) -> 0 | H43: =COUNTIFS(Clean_Data!$C$2:$C$200,$A43,Clean_Data!$J$2:$J$200,H$39) -> 1 | AA43: =IF(Clean_Data!A43="","",IFERROR(INDEX($D$7:$D$13,MATCH(Clean_Data!J43,$A$7:$A$13,0)),0)) -> 1 | AB43: =IF(Clean_Data!A43="","",IF(AND(AA43=1,Clean_Data!V43="Yes"),1,0)) -> 1 | AC43: =IF(Clean_Data!A43="","",IF(Clean_Data!W43="Yes",1,0)) -> 1 | AD43: =IF(AB43=1,Settings!$B$2-Clean_Data!N43+ROW()/100000,"") -> 91.00043 | AE43: =IF(AC43=1,Clean_Data!U43+ROW()/100000,"") -> 132.00043 | AF43: =IF(Clean_Data!A43="","",IF(SUMPRODUCT(--ISNUMBER(SEARCH({"STATUS_CONFLICT","NEAR_DUP_KEPT","ID_INFERRED","REGION_REVIEW","DATE_ORDER","DATE_FUTURE","FOLLOWUP_BEFORE","INTERACTIONS_","OWNER_MISSING","ENG_MISSING","CHANNEL_MISSING","FOLLOWUP_MISSING","EMAIL_MISSING","EMAIL_INVALID","PHONE_MISSING","PHONE_INVALID"},Clean_Data!S43)))>0,1,0)) -> 0 | AG43: =IF(Clean_Data!A43="","",IF(SUMPRODUCT(--ISNUMBER(SEARCH({"DATE_ORDER","DATE_FUTURE","FOLLOWUP_BEFORE"},Clean_Data!S43)))>0,1,0)) -> 0
A44: Middle East & North Africa | B44: =COUNTIFS(Clean_Data!$C$2:$C$200,$A44,Clean_Data!$J$2:$J$200,B$39) -> 0 | C44: =COUNTIFS(Clean_Data!$C$2:$C$200,$A44,Clean_Data!$J$2:$J$200,C$39) -> 1 | D44: =COUNTIFS(Clean_Data!$C$2:$C$200,$A44,Clean_Data!$J$2:$J$200,D$39) -> 2 | E44: =COUNTIFS(Clean_Data!$C$2:$C$200,$A44,Clean_Data!$J$2:$J$200,E$39) -> 1 | F44: =COUNTIFS(Clean_Data!$C$2:$C$200,$A44,Clean_Data!$J$2:$J$200,F$39) -> 3 | G44: =COUNTIFS(Clean_Data!$C$2:$C$200,$A44,Clean_Data!$J$2:$J$200,G$39) -> 3 | H44: =COUNTIFS(Clean_Data!$C$2:$C$200,$A44,Clean_Data!$J$2:$J$200,H$39) -> 2 | AA44: =IF(Clean_Data!A44="","",IFERROR(INDEX($D$7:$D$13,MATCH(Clean_Data!J44,$A$7:$A$13,0)),0)) -> 0 | AB44: =IF(Clean_Data!A44="","",IF(AND(AA44=1,Clean_Data!V44="Yes"),1,0)) -> 0 | AC44: =IF(Clean_Data!A44="","",IF(Clean_Data!W44="Yes",1,0)) -> 0 | AD44: =IF(AB44=1,Settings!$B$2-Clean_Data!N44+ROW()/100000,"") | AE44: =IF(AC44=1,Clean_Data!U44+ROW()/100000,"") | AF44: =IF(Clean_Data!A44="","",IF(SUMPRODUCT(--ISNUMBER(SEARCH({"STATUS_CONFLICT","NEAR_DUP_KEPT","ID_INFERRED","REGION_REVIEW","DATE_ORDER","DATE_FUTURE","FOLLOWUP_BEFORE","INTERACTIONS_","OWNER_MISSING","ENG_MISSING","CHANNEL_MISSING","FOLLOWUP_MISSING","EMAIL_MISSING","EMAIL_INVALID","PHONE_MISSING","PHONE_INVALID"},Clean_Data!S44)))>0,1,0)) -> 0 | AG44: =IF(Clean_Data!A44="","",IF(SUMPRODUCT(--ISNUMBER(SEARCH({"DATE_ORDER","DATE_FUTURE","FOLLOWUP_BEFORE"},Clean_Data!S44)))>0,1,0)) -> 0
A45: South & Central Asia | B45: =COUNTIFS(Clean_Data!$C$2:$C$200,$A45,Clean_Data!$J$2:$J$200,B$39) -> 1 | C45: =COUNTIFS(Clean_Data!$C$2:$C$200,$A45,Clean_Data!$J$2:$J$200,C$39) -> 3 | D45: =COUNTIFS(Clean_Data!$C$2:$C$200,$A45,Clean_Data!$J$2:$J$200,D$39) -> 1 | E45: =COUNTIFS(Clean_Data!$C$2:$C$200,$A45,Clean_Data!$J$2:$J$200,E$39) -> 0 | F45: =COUNTIFS(Clean_Data!$C$2:$C$200,$A45,Clean_Data!$J$2:$J$200,F$39) -> 1 | G45: =COUNTIFS(Clean_Data!$C$2:$C$200,$A45,Clean_Data!$J$2:$J$200,G$39) -> 1 | H45: =COUNTIFS(Clean_Data!$C$2:$C$200,$A45,Clean_Data!$J$2:$J$200,H$39) -> 0 | AA45: =IF(Clean_Data!A45="","",IFERROR(INDEX($D$7:$D$13,MATCH(Clean_Data!J45,$A$7:$A$13,0)),0)) -> 0 | AB45: =IF(Clean_Data!A45="","",IF(AND(AA45=1,Clean_Data!V45="Yes"),1,0)) -> 0 | AC45: =IF(Clean_Data!A45="","",IF(Clean_Data!W45="Yes",1,0)) -> 0 | AD45: =IF(AB45=1,Settings!$B$2-Clean_Data!N45+ROW()/100000,"") | AE45: =IF(AC45=1,Clean_Data!U45+ROW()/100000,"") | AF45: =IF(Clean_Data!A45="","",IF(SUMPRODUCT(--ISNUMBER(SEARCH({"STATUS_CONFLICT","NEAR_DUP_KEPT","ID_INFERRED","REGION_REVIEW","DATE_ORDER","DATE_FUTURE","FOLLOWUP_BEFORE","INTERACTIONS_","OWNER_MISSING","ENG_MISSING","CHANNEL_MISSING","FOLLOWUP_MISSING","EMAIL_MISSING","EMAIL_INVALID","PHONE_MISSING","PHONE_INVALID"},Clean_Data!S45)))>0,1,0)) -> 1 | AG45: =IF(Clean_Data!A45="","",IF(SUMPRODUCT(--ISNUMBER(SEARCH({"DATE_ORDER","DATE_FUTURE","FOLLOWUP_BEFORE"},Clean_Data!S45)))>0,1,0)) -> 0
AA46: =IF(Clean_Data!A46="","",IFERROR(INDEX($D$7:$D$13,MATCH(Clean_Data!J46,$A$7:$A$13,0)),0)) -> 1 | AB46: =IF(Clean_Data!A46="","",IF(AND(AA46=1,Clean_Data!V46="Yes"),1,0)) -> 1 | AC46: =IF(Clean_Data!A46="","",IF(Clean_Data!W46="Yes",1,0)) -> 0 | AD46: =IF(AB46=1,Settings!$B$2-Clean_Data!N46+ROW()/100000,"") -> 23.00046 | AE46: =IF(AC46=1,Clean_Data!U46+ROW()/100000,"") | AF46: =IF(Clean_Data!A46="","",IF(SUMPRODUCT(--ISNUMBER(SEARCH({"STATUS_CONFLICT","NEAR_DUP_KEPT","ID_INFERRED","REGION_REVIEW","DATE_ORDER","DATE_FUTURE","FOLLOWUP_BEFORE","INTERACTIONS_","OWNER_MISSING","ENG_MISSING","CHANNEL_MISSING","FOLLOWUP_MISSING","EMAIL_MISSING","EMAIL_INVALID","PHONE_MISSING","PHONE_INVALID"},Clean_Data!S46)))>0,1,0)) -> 0 | AG46: =IF(Clean_Data!A46="","",IF(SUMPRODUCT(--ISNUMBER(SEARCH({"DATE_ORDER","DATE_FUTURE","FOLLOWUP_BEFORE"},Clean_Data!S46)))>0,1,0)) -> 0
AA47: =IF(Clean_Data!A47="","",IFERROR(INDEX($D$7:$D$13,MATCH(Clean_Data!J47,$A$7:$A$13,0)),0)) -> 0 | AB47: =IF(Clean_Data!A47="","",IF(AND(AA47=1,Clean_Data!V47="Yes"),1,0)) -> 0 | AC47: =IF(Clean_Data!A47="","",IF(Clean_Data!W47="Yes",1,0)) -> 0 | AD47: =IF(AB47=1,Settings!$B$2-Clean_Data!N47+ROW()/100000,"") | AE47: =IF(AC47=1,Clean_Data!U47+ROW()/100000,"") | AF47: =IF(Clean_Data!A47="","",IF(SUMPRODUCT(--ISNUMBER(SEARCH({"STATUS_CONFLICT","NEAR_DUP_KEPT","ID_INFERRED","REGION_REVIEW","DATE_ORDER","DATE_FUTURE","FOLLOWUP_BEFORE","INTERACTIONS_","OWNER_MISSING","ENG_MISSING","CHANNEL_MISSING","FOLLOWUP_MISSING","EMAIL_MISSING","EMAIL_INVALID","PHONE_MISSING","PHONE_INVALID"},Clean_Data!S47)))>0,1,0)) -> 1 | AG47: =IF(Clean_Data!A47="","",IF(SUMPRODUCT(--ISNUMBER(SEARCH({"DATE_ORDER","DATE_FUTURE","FOLLOWUP_BEFORE"},Clean_Data!S47)))>0,1,0)) -> 1
A48: 5. Engagement level by region (embassies where outreach has started) | AA48: =IF(Clean_Data!A48="","",IFERROR(INDEX($D$7:$D$13,MATCH(Clean_Data!J48,$A$7:$A$13,0)),0)) -> 1 | AB48: =IF(Clean_Data!A48="","",IF(AND(AA48=1,Clean_Data!V48="Yes"),1,0)) -> 0 | AC48: =IF(Clean_Data!A48="","",IF(Clean_Data!W48="Yes",1,0)) -> 0 | AD48: =IF(AB48=1,Settings!$B$2-Clean_Data!N48+ROW()/100000,"") | AE48: =IF(AC48=1,Clean_Data!U48+ROW()/100000,"") | AF48: =IF(Clean_Data!A48="","",IF(SUMPRODUCT(--ISNUMBER(SEARCH({"STATUS_CONFLICT","NEAR_DUP_KEPT","ID_INFERRED","REGION_REVIEW","DATE_ORDER","DATE_FUTURE","FOLLOWUP_BEFORE","INTERACTIONS_","OWNER_MISSING","ENG_MISSING","CHANNEL_MISSING","FOLLOWUP_MISSING","EMAIL_MISSING","EMAIL_INVALID","PHONE_MISSING","PHONE_INVALID"},Clean_Data!S48)))>0,1,0)) -> 1 | AG48: =IF(Clean_Data!A48="","",IF(SUMPRODUCT(--ISNUMBER(SEARCH({"DATE_ORDER","DATE_FUTURE","FOLLOWUP_BEFORE"},Clean_Data!S48)))>0,1,0)) -> 0
A49: Region | B49: High | C49: Medium | D49: Low | E49: Not Recorded | AA49: =IF(Clean_Data!A49="","",IFERROR(INDEX($D$7:$D$13,MATCH(Clean_Data!J49,$A$7:$A$13,0)),0)) -> 1 | AB49: =IF(Clean_Data!A49="","",IF(AND(AA49=1,Clean_Data!V49="Yes"),1,0)) -> 0 | AC49: =IF(Clean_Data!A49="","",IF(Clean_Data!W49="Yes",1,0)) -> 0 | AD49: =IF(AB49=1,Settings!$B$2-Clean_Data!N49+ROW()/100000,"") | AE49: =IF(AC49=1,Clean_Data!U49+ROW()/100000,"") | AF49: =IF(Clean_Data!A49="","",IF(SUMPRODUCT(--ISNUMBER(SEARCH({"STATUS_CONFLICT","NEAR_DUP_KEPT","ID_INFERRED","REGION_REVIEW","DATE_ORDER","DATE_FUTURE","FOLLOWUP_BEFORE","INTERACTIONS_","OWNER_MISSING","ENG_MISSING","CHANNEL_MISSING","FOLLOWUP_MISSING","EMAIL_MISSING","EMAIL_INVALID","PHONE_MISSING","PHONE_INVALID"},Clean_Data!S49)))>0,1,0)) -> 1 | AG49: =IF(Clean_Data!A49="","",IF(SUMPRODUCT(--ISNUMBER(SEARCH({"DATE_ORDER","DATE_FUTURE","FOLLOWUP_BEFORE"},Clean_Data!S49)))>0,1,0)) -> 0
A50: Europe | B50: =COUNTIFS(Clean_Data!$C$2:$C$200,$A50,Clean_Data!$P$2:$P$200,B$49) -> 3 | C50: =COUNTIFS(Clean_Data!$C$2:$C$200,$A50,Clean_Data!$P$2:$P$200,C$49) -> 7 | D50: =COUNTIFS(Clean_Data!$C$2:$C$200,$A50,Clean_Data!$P$2:$P$200,D$49) -> 5 | E50: =COUNTIFS(Clean_Data!$C$2:$C$200,$A50,Clean_Data!$P$2:$P$200,E$49) -> 2 | AA50: =IF(Clean_Data!A50="","",IFERROR(INDEX($D$7:$D$13,MATCH(Clean_Data!J50,$A$7:$A$13,0)),0)) -> 0 | AB50: =IF(Clean_Data!A50="","",IF(AND(AA50=1,Clean_Data!V50="Yes"),1,0)) -> 0 | AC50: =IF(Clean_Data!A50="","",IF(Clean_Data!W50="Yes",1,0)) -> 0 | AD50: =IF(AB50=1,Settings!$B$2-Clean_Data!N50+ROW()/100000,"") | AE50: =IF(AC50=1,Clean_Data!U50+ROW()/100000,"") | AF50: =IF(Clean_Data!A50="","",IF(SUMPRODUCT(--ISNUMBER(SEARCH({"STATUS_CONFLICT","NEAR_DUP_KEPT","ID_INFERRED","REGION_REVIEW","DATE_ORDER","DATE_FUTURE","FOLLOWUP_BEFORE","INTERACTIONS_","OWNER_MISSING","ENG_MISSING","CHANNEL_MISSING","FOLLOWUP_MISSING","EMAIL_MISSING","EMAIL_INVALID","PHONE_MISSING","PHONE_INVALID"},Clean_Data!S50)))>0,1,0)) -> 1 | AG50: =IF(Clean_Data!A50="","",IF(SUMPRODUCT(--ISNUMBER(SEARCH({"DATE_ORDER","DATE_FUTURE","FOLLOWUP_BEFORE"},Clean_Data!S50)))>0,1,0)) -> 0
A51: Asia-Pacific | B51: =COUNTIFS(Clean_Data!$C$2:$C$200,$A51,Clean_Data!$P$2:$P$200,B$49) -> 3 | C51: =COUNTIFS(Clean_Data!$C$2:$C$200,$A51,Clean_Data!$P$2:$P$200,C$49) -> 6 | D51: =COUNTIFS(Clean_Data!$C$2:$C$200,$A51,Clean_Data!$P$2:$P$200,D$49) -> 3 | E51: =COUNTIFS(Clean_Data!$C$2:$C$200,$A51,Clean_Data!$P$2:$P$200,E$49) -> 2 | AA51: =IF(Clean_Data!A51="","",IFERROR(INDEX($D$7:$D$13,MATCH(Clean_Data!J51,$A$7:$A$13,0)),0)) -> 1 | AB51: =IF(Clean_Data!A51="","",IF(AND(AA51=1,Clean_Data!V51="Yes"),1,0)) -> 1 | AC51: =IF(Clean_Data!A51="","",IF(Clean_Data!W51="Yes",1,0)) -> 1 | AD51: =IF(AB51=1,Settings!$B$2-Clean_Data!N51+ROW()/100000,"") -> 98.00051 | AE51: =IF(AC51=1,Clean_Data!U51+ROW()/100000,"") -> 141.00051 | AF51: =IF(Clean_Data!A51="","",IF(SUMPRODUCT(--ISNUMBER(SEARCH({"STATUS_CONFLICT","NEAR_DUP_KEPT","ID_INFERRED","REGION_REVIEW","DATE_ORDER","DATE_FUTURE","FOLLOWUP_BEFORE","INTERACTIONS_","OWNER_MISSING","ENG_MISSING","CHANNEL_MISSING","FOLLOWUP_MISSING","EMAIL_MISSING","EMAIL_INVALID","PHONE_MISSING","PHONE_INVALID"},Clean_Data!S51)))>0,1,0)) -> 0 | AG51: =IF(Clean_Data!A51="","",IF(SUMPRODUCT(--ISNUMBER(SEARCH({"DATE_ORDER","DATE_FUTURE","FOLLOWUP_BEFORE"},Clean_Data!S51)))>0,1,0)) -> 0
A52: Sub-Saharan Africa | B52: =COUNTIFS(Clean_Data!$C$2:$C$200,$A52,Clean_Data!$P$2:$P$200,B$49) -> 6 | C52: =COUNTIFS(Clean_Data!$C$2:$C$200,$A52,Clean_Data!$P$2:$P$200,C$49) -> 2 | D52: =COUNTIFS(Clean_Data!$C$2:$C$200,$A52,Clean_Data!$P$2:$P$200,D$49) -> 4 | E52: =COUNTIFS(Clean_Data!$C$2:$C$200,$A52,Clean_Data!$P$2:$P$200,E$49) -> 1 | AA52: =IF(Clean_Data!A52="","",IFERROR(INDEX($D$7:$D$13,MATCH(Clean_Data!J52,$A$7:$A$13,0)),0)) -> 0 | AB52: =IF(Clean_Data!A52="","",IF(AND(AA52=1,Clean_Data!V52="Yes"),1,0)) -> 0 | AC52: =IF(Clean_Data!A52="","",IF(Clean_Data!W52="Yes",1,0)) -> 0 | AD52: =IF(AB52=1,Settings!$B$2-Clean_Data!N52+ROW()/100000,"") | AE52: =IF(AC52=1,Clean_Data!U52+ROW()/100000,"") | AF52: =IF(Clean_Data!A52="","",IF(SUMPRODUCT(--ISNUMBER(SEARCH({"STATUS_CONFLICT","NEAR_DUP_KEPT","ID_INFERRED","REGION_REVIEW","DATE_ORDER","DATE_FUTURE","FOLLOWUP_BEFORE","INTERACTIONS_","OWNER_MISSING","ENG_MISSING","CHANNEL_MISSING","FOLLOWUP_MISSING","EMAIL_MISSING","EMAIL_INVALID","PHONE_MISSING","PHONE_INVALID"},Clean_Data!S52)))>0,1,0)) -> 1 | AG52: =IF(Clean_Data!A52="","",IF(SUMPRODUCT(--ISNUMBER(SEARCH({"DATE_ORDER","DATE_FUTURE","FOLLOWUP_BEFORE"},Clean_Data!S52)))>0,1,0)) -> 0
A53: Americas | B53: =COUNTIFS(Clean_Data!$C$2:$C$200,$A53,Clean_Data!$P$2:$P$200,B$49) -> 1 | C53: =COUNTIFS(Clean_Data!$C$2:$C$200,$A53,Clean_Data!$P$2:$P$200,C$49) -> 4 | D53: =COUNTIFS(Clean_Data!$C$2:$C$200,$A53,Clean_Data!$P$2:$P$200,D$49) -> 5 | E53: =COUNTIFS(Clean_Data!$C$2:$C$200,$A53,Clean_Data!$P$2:$P$200,E$49) -> 2 | AA53: =IF(Clean_Data!A53="","",IFERROR(INDEX($D$7:$D$13,MATCH(Clean_Data!J53,$A$7:$A$13,0)),0)) -> 1 | AB53: =IF(Clean_Data!A53="","",IF(AND(AA53=1,Clean_Data!V53="Yes"),1,0)) -> 1 | AC53: =IF(Clean_Data!A53="","",IF(Clean_Data!W53="Yes",1,0)) -> 1 | AD53: =IF(AB53=1,Settings!$B$2-Clean_Data!N53+ROW()/100000,"") -> 211.00053 | AE53: =IF(AC53=1,Clean_Data!U53+ROW()/100000,"") -> 228.00053 | AF53: =IF(Clean_Data!A53="","",IF(SUMPRODUCT(--ISNUMBER(SEARCH({"STATUS_CONFLICT","NEAR_DUP_KEPT","ID_INFERRED","REGION_REVIEW","DATE_ORDER","DATE_FUTURE","FOLLOWUP_BEFORE","INTERACTIONS_","OWNER_MISSING","ENG_MISSING","CHANNEL_MISSING","FOLLOWUP_MISSING","EMAIL_MISSING","EMAIL_INVALID","PHONE_MISSING","PHONE_INVALID"},Clean_Data!S53)))>0,1,0)) -> 1 | AG53: =IF(Clean_Data!A53="","",IF(SUMPRODUCT(--ISNUMBER(SEARCH({"DATE_ORDER","DATE_FUTURE","FOLLOWUP_BEFORE"},Clean_Data!S53)))>0,1,0)) -> 0
A54: Middle East & North Africa | B54: =COUNTIFS(Clean_Data!$C$2:$C$200,$A54,Clean_Data!$P$2:$P$200,B$49) -> 4 | C54: =COUNTIFS(Clean_Data!$C$2:$C$200,$A54,Clean_Data!$P$2:$P$200,C$49) -> 1 | D54: =COUNTIFS(Clean_Data!$C$2:$C$200,$A54,Clean_Data!$P$2:$P$200,D$49) -> 5 | E54: =COUNTIFS(Clean_Data!$C$2:$C$200,$A54,Clean_Data!$P$2:$P$200,E$49) -> 2 | AA54: =IF(Clean_Data!A54="","",IFERROR(INDEX($D$7:$D$13,MATCH(Clean_Data!J54,$A$7:$A$13,0)),0)) -> 1 | AB54: =IF(Clean_Data!A54="","",IF(AND(AA54=1,Clean_Data!V54="Yes"),1,0)) -> 1 | AC54: =IF(Clean_Data!A54="","",IF(Clean_Data!W54="Yes",1,0)) -> 1 | AD54: =IF(AB54=1,Settings!$B$2-Clean_Data!N54+ROW()/100000,"") -> 11.00054 | AE54: =IF(AC54=1,Clean_Data!U54+ROW()/100000,"") -> 331.00054 | AF54: =IF(Clean_Data!A54="","",IF(SUMPRODUCT(--ISNUMBER(SEARCH({"STATUS_CONFLICT","NEAR_DUP_KEPT","ID_INFERRED","REGION_REVIEW","DATE_ORDER","DATE_FUTURE","FOLLOWUP_BEFORE","INTERACTIONS_","OWNER_MISSING","ENG_MISSING","CHANNEL_MISSING","FOLLOWUP_MISSING","EMAIL_MISSING","EMAIL_INVALID","PHONE_MISSING","PHONE_INVALID"},Clean_Data!S54)))>0,1,0)) -> 1 | AG54: =IF(Clean_Data!A54="","",IF(SUMPRODUCT(--ISNUMBER(SEARCH({"DATE_ORDER","DATE_FUTURE","FOLLOWUP_BEFORE"},Clean_Data!S54)))>0,1,0)) -> 1
A55: South & Central Asia | B55: =COUNTIFS(Clean_Data!$C$2:$C$200,$A55,Clean_Data!$P$2:$P$200,B$49) -> 0 | C55: =COUNTIFS(Clean_Data!$C$2:$C$200,$A55,Clean_Data!$P$2:$P$200,C$49) -> 2 | D55: =COUNTIFS(Clean_Data!$C$2:$C$200,$A55,Clean_Data!$P$2:$P$200,D$49) -> 3 | E55: =COUNTIFS(Clean_Data!$C$2:$C$200,$A55,Clean_Data!$P$2:$P$200,E$49) -> 1 | AA55: =IF(Clean_Data!A55="","",IFERROR(INDEX($D$7:$D$13,MATCH(Clean_Data!J55,$A$7:$A$13,0)),0)) -> 1 | AB55: =IF(Clean_Data!A55="","",IF(AND(AA55=1,Clean_Data!V55="Yes"),1,0)) -> 0 | AC55: =IF(Clean_Data!A55="","",IF(Clean_Data!W55="Yes",1,0)) -> 0 | AD55: =IF(AB55=1,Settings!$B$2-Clean_Data!N55+ROW()/100000,"") | AE55: =IF(AC55=1,Clean_Data!U55+ROW()/100000,"") | AF55: =IF(Clean_Data!A55="","",IF(SUMPRODUCT(--ISNUMBER(SEARCH({"STATUS_CONFLICT","NEAR_DUP_KEPT","ID_INFERRED","REGION_REVIEW","DATE_ORDER","DATE_FUTURE","FOLLOWUP_BEFORE","INTERACTIONS_","OWNER_MISSING","ENG_MISSING","CHANNEL_MISSING","FOLLOWUP_MISSING","EMAIL_MISSING","EMAIL_INVALID","PHONE_MISSING","PHONE_INVALID"},Clean_Data!S55)))>0,1,0)) -> 1 | AG55: =IF(Clean_Data!A55="","",IF(SUMPRODUCT(--ISNUMBER(SEARCH({"DATE_ORDER","DATE_FUTURE","FOLLOWUP_BEFORE"},Clean_Data!S55)))>0,1,0)) -> 0
A56: Total | B56: =SUM(B50:B55) -> 17 | C56: =SUM(C50:C55) -> 22 | D56: =SUM(D50:D55) -> 25 | E56: =SUM(E50:E55) -> 10 | AA56: =IF(Clean_Data!A56="","",IFERROR(INDEX($D$7:$D$13,MATCH(Clean_Data!J56,$A$7:$A$13,0)),0)) -> 0 | AB56: =IF(Clean_Data!A56="","",IF(AND(AA56=1,Clean_Data!V56="Yes"),1,0)) -> 0 | AC56: =IF(Clean_Data!A56="","",IF(Clean_Data!W56="Yes",1,0)) -> 0 | AD56: =IF(AB56=1,Settings!$B$2-Clean_Data!N56+ROW()/100000,"") | AE56: =IF(AC56=1,Clean_Data!U56+ROW()/100000,"") | AF56: =IF(Clean_Data!A56="","",IF(SUMPRODUCT(--ISNUMBER(SEARCH({"STATUS_CONFLICT","NEAR_DUP_KEPT","ID_INFERRED","REGION_REVIEW","DATE_ORDER","DATE_FUTURE","FOLLOWUP_BEFORE","INTERACTIONS_","OWNER_MISSING","ENG_MISSING","CHANNEL_MISSING","FOLLOWUP_MISSING","EMAIL_MISSING","EMAIL_INVALID","PHONE_MISSING","PHONE_INVALID"},Clean_Data!S56)))>0,1,0)) -> 1 | AG56: =IF(Clean_Data!A56="","",IF(SUMPRODUCT(--ISNUMBER(SEARCH({"DATE_ORDER","DATE_FUTURE","FOLLOWUP_BEFORE"},Clean_Data!S56)))>0,1,0)) -> 1
AA57: =IF(Clean_Data!A57="","",IFERROR(INDEX($D$7:$D$13,MATCH(Clean_Data!J57,$A$7:$A$13,0)),0)) -> 1 | AB57: =IF(Clean_Data!A57="","",IF(AND(AA57=1,Clean_Data!V57="Yes"),1,0)) -> 1 | AC57: =IF(Clean_Data!A57="","",IF(Clean_Data!W57="Yes",1,0)) -> 0 | AD57: =IF(AB57=1,Settings!$B$2-Clean_Data!N57+ROW()/100000,"") -> 9.00057 | AE57: =IF(AC57=1,Clean_Data!U57+ROW()/100000,"") | AF57: =IF(Clean_Data!A57="","",IF(SUMPRODUCT(--ISNUMBER(SEARCH({"STATUS_CONFLICT","NEAR_DUP_KEPT","ID_INFERRED","REGION_REVIEW","DATE_ORDER","DATE_FUTURE","FOLLOWUP_BEFORE","INTERACTIONS_","OWNER_MISSING","ENG_MISSING","CHANNEL_MISSING","FOLLOWUP_MISSING","EMAIL_MISSING","EMAIL_INVALID","PHONE_MISSING","PHONE_INVALID"},Clean_Data!S57)))>0,1,0)) -> 0 | AG57: =IF(Clean_Data!A57="","",IF(SUMPRODUCT(--ISNUMBER(SEARCH({"DATE_ORDER","DATE_FUTURE","FOLLOWUP_BEFORE"},Clean_Data!S57)))>0,1,0)) -> 0
A58: 6. Channel mix (embassies where outreach has started) | AA58: =IF(Clean_Data!A58="","",IFERROR(INDEX($D$7:$D$13,MATCH(Clean_Data!J58,$A$7:$A$13,0)),0)) -> 1 | AB58: =IF(Clean_Data!A58="","",IF(AND(AA58=1,Clean_Data!V58="Yes"),1,0)) -> 1 | AC58: =IF(Clean_Data!A58="","",IF(Clean_Data!W58="Yes",1,0)) -> 1 | AD58: =IF(AB58=1,Settings!$B$2-Clean_Data!N58+ROW()/100000,"") -> 181.00058 | AE58: =IF(AC58=1,Clean_Data!U58+ROW()/100000,"") -> 222.00058 | AF58: =IF(Clean_Data!A58="","",IF(SUMPRODUCT(--ISNUMBER(SEARCH({"STATUS_CONFLICT","NEAR_DUP_KEPT","ID_INFERRED","REGION_REVIEW","DATE_ORDER","DATE_FUTURE","FOLLOWUP_BEFORE","INTERACTIONS_","OWNER_MISSING","ENG_MISSING","CHANNEL_MISSING","FOLLOWUP_MISSING","EMAIL_MISSING","EMAIL_INVALID","PHONE_MISSING","PHONE_INVALID"},Clean_Data!S58)))>0,1,0)) -> 1 | AG58: =IF(Clean_Data!A58="","",IF(SUMPRODUCT(--ISNUMBER(SEARCH({"DATE_ORDER","DATE_FUTURE","FOLLOWUP_BEFORE"},Clean_Data!S58)))>0,1,0)) -> 0
A59: Channel | B59: Embassies | AA59: =IF(Clean_Data!A59="","",IFERROR(INDEX($D$7:$D$13,MATCH(Clean_Data!J59,$A$7:$A$13,0)),0)) -> 0 | AB59: =IF(Clean_Data!A59="","",IF(AND(AA59=1,Clean_Data!V59="Yes"),1,0)) -> 0 | AC59: =IF(Clean_Data!A59="","",IF(Clean_Data!W59="Yes",1,0)) -> 0 | AD59: =IF(AB59=1,Settings!$B$2-Clean_Data!N59+ROW()/100000,"") | AE59: =IF(AC59=1,Clean_Data!U59+ROW()/100000,"") | AF59: =IF(Clean_Data!A59="","",IF(SUMPRODUCT(--ISNUMBER(SEARCH({"STATUS_CONFLICT","NEAR_DUP_KEPT","ID_INFERRED","REGION_REVIEW","DATE_ORDER","DATE_FUTURE","FOLLOWUP_BEFORE","INTERACTIONS_","OWNER_MISSING","ENG_MISSING","CHANNEL_MISSING","FOLLOWUP_MISSING","EMAIL_MISSING","EMAIL_INVALID","PHONE_MISSING","PHONE_INVALID"},Clean_Data!S59)))>0,1,0)) -> 0 | AG59: =IF(Clean_Data!A59="","",IF(SUMPRODUCT(--ISNUMBER(SEARCH({"DATE_ORDER","DATE_FUTURE","FOLLOWUP_BEFORE"},Clean_Data!S59)))>0,1,0)) -> 0
A60: Email | B60: =COUNTIF(Clean_Data!$Q$2:$Q$200,A60) -> 24 | AA60: =IF(Clean_Data!A60="","",IFERROR(INDEX($D$7:$D$13,MATCH(Clean_Data!J60,$A$7:$A$13,0)),0)) -> 0 | AB60: =IF(Clean_Data!A60="","",IF(AND(AA60=1,Clean_Data!V60="Yes"),1,0)) -> 0 | AC60: =IF(Clean_Data!A60="","",IF(Clean_Data!W60="Yes",1,0)) -> 0 | AD60: =IF(AB60=1,Settings!$B$2-Clean_Data!N60+ROW()/100000,"") | AE60: =IF(AC60=1,Clean_Data!U60+ROW()/100000,"") | AF60: =IF(Clean_Data!A60="","",IF(SUMPRODUCT(--ISNUMBER(SEARCH({"STATUS_CONFLICT","NEAR_DUP_KEPT","ID_INFERRED","REGION_REVIEW","DATE_ORDER","DATE_FUTURE","FOLLOWUP_BEFORE","INTERACTIONS_","OWNER_MISSING","ENG_MISSING","CHANNEL_MISSING","FOLLOWUP_MISSING","EMAIL_MISSING","EMAIL_INVALID","PHONE_MISSING","PHONE_INVALID"},Clean_Data!S60)))>0,1,0)) -> 1 | AG60: =IF(Clean_Data!A60="","",IF(SUMPRODUCT(--ISNUMBER(SEARCH({"DATE_ORDER","DATE_FUTURE","FOLLOWUP_BEFORE"},Clean_Data!S60)))>0,1,0)) -> 0
A61: Meeting | B61: =COUNTIF(Clean_Data!$Q$2:$Q$200,A61) -> 14 | AA61: =IF(Clean_Data!A61="","",IFERROR(INDEX($D$7:$D$13,MATCH(Clean_Data!J61,$A$7:$A$13,0)),0)) -> 1 | AB61: =IF(Clean_Data!A61="","",IF(AND(AA61=1,Clean_Data!V61="Yes"),1,0)) -> 1 | AC61: =IF(Clean_Data!A61="","",IF(Clean_Data!W61="Yes",1,0)) -> 0 | AD61: =IF(AB61=1,Settings!$B$2-Clean_Data!N61+ROW()/100000,"") -> 56.00061 | AE61: =IF(AC61=1,Clean_Data!U61+ROW()/100000,"") | AF61: =IF(Clean_Data!A61="","",IF(SUMPRODUCT(--ISNUMBER(SEARCH({"STATUS_CONFLICT","NEAR_DUP_KEPT","ID_INFERRED","REGION_REVIEW","DATE_ORDER","DATE_FUTURE","FOLLOWUP_BEFORE","INTERACTIONS_","OWNER_MISSING","ENG_MISSING","CHANNEL_MISSING","FOLLOWUP_MISSING","EMAIL_MISSING","EMAIL_INVALID","PHONE_MISSING","PHONE_INVALID"},Clean_Data!S61)))>0,1,0)) -> 1 | AG61: =IF(Clean_Data!A61="","",IF(SUMPRODUCT(--ISNUMBER(SEARCH({"DATE_ORDER","DATE_FUTURE","FOLLOWUP_BEFORE"},Clean_Data!S61)))>0,1,0)) -> 0
A62: Phone | B62: =COUNTIF(Clean_Data!$Q$2:$Q$200,A62) -> 13 | AA62: =IF(Clean_Data!A62="","",IFERROR(INDEX($D$7:$D$13,MATCH(Clean_Data!J62,$A$7:$A$13,0)),0)) -> 1 | AB62: =IF(Clean_Data!A62="","",IF(AND(AA62=1,Clean_Data!V62="Yes"),1,0)) -> 0 | AC62: =IF(Clean_Data!A62="","",IF(Clean_Data!W62="Yes",1,0)) -> 0 | AD62: =IF(AB62=1,Settings!$B$2-Clean_Data!N62+ROW()/100000,"") | AE62: =IF(AC62=1,Clean_Data!U62+ROW()/100000,"") | AF62: =IF(Clean_Data!A62="","",IF(SUMPRODUCT(--ISNUMBER(SEARCH({"STATUS_CONFLICT","NEAR_DUP_KEPT","ID_INFERRED","REGION_REVIEW","DATE_ORDER","DATE_FUTURE","FOLLOWUP_BEFORE","INTERACTIONS_","OWNER_MISSING","ENG_MISSING","CHANNEL_MISSING","FOLLOWUP_MISSING","EMAIL_MISSING","EMAIL_INVALID","PHONE_MISSING","PHONE_INVALID"},Clean_Data!S62)))>0,1,0)) -> 1 | AG62: =IF(Clean_Data!A62="","",IF(SUMPRODUCT(--ISNUMBER(SEARCH({"DATE_ORDER","DATE_FUTURE","FOLLOWUP_BEFORE"},Clean_Data!S62)))>0,1,0)) -> 1
A63: Official Letter | B63: =COUNTIF(Clean_Data!$Q$2:$Q$200,A63) -> 12 | AA63: =IF(Clean_Data!A63="","",IFERROR(INDEX($D$7:$D$13,MATCH(Clean_Data!J63,$A$7:$A$13,0)),0)) -> 1 | AB63: =IF(Clean_Data!A63="","",IF(AND(AA63=1,Clean_Data!V63="Yes"),1,0)) -> 1 | AC63: =IF(Clean_Data!A63="","",IF(Clean_Data!W63="Yes",1,0)) -> 0 | AD63: =IF(AB63=1,Settings!$B$2-Clean_Data!N63+ROW()/100000,"") -> 6.00063 | AE63: =IF(AC63=1,Clean_Data!U63+ROW()/100000,"") | AF63: =IF(Clean_Data!A63="","",IF(SUMPRODUCT(--ISNUMBER(SEARCH({"STATUS_CONFLICT","NEAR_DUP_KEPT","ID_INFERRED","REGION_REVIEW","DATE_ORDER","DATE_FUTURE","FOLLOWUP_BEFORE","INTERACTIONS_","OWNER_MISSING","ENG_MISSING","CHANNEL_MISSING","FOLLOWUP_MISSING","EMAIL_MISSING","EMAIL_INVALID","PHONE_MISSING","PHONE_INVALID"},Clean_Data!S63)))>0,1,0)) -> 1 | AG63: =IF(Clean_Data!A63="","",IF(SUMPRODUCT(--ISNUMBER(SEARCH({"DATE_ORDER","DATE_FUTURE","FOLLOWUP_BEFORE"},Clean_Data!S63)))>0,1,0)) -> 0
A64: Event | B64: =COUNTIF(Clean_Data!$Q$2:$Q$200,A64) -> 11 | AA64: =IF(Clean_Data!A64="","",IFERROR(INDEX($D$7:$D$13,MATCH(Clean_Data!J64,$A$7:$A$13,0)),0)) -> 1 | AB64: =IF(Clean_Data!A64="","",IF(AND(AA64=1,Clean_Data!V64="Yes"),1,0)) -> 0 | AC64: =IF(Clean_Data!A64="","",IF(Clean_Data!W64="Yes",1,0)) -> 0 | AD64: =IF(AB64=1,Settings!$B$2-Clean_Data!N64+ROW()/100000,"") | AE64: =IF(AC64=1,Clean_Data!U64+ROW()/100000,"") | AF64: =IF(Clean_Data!A64="","",IF(SUMPRODUCT(--ISNUMBER(SEARCH({"STATUS_CONFLICT","NEAR_DUP_KEPT","ID_INFERRED","REGION_REVIEW","DATE_ORDER","DATE_FUTURE","FOLLOWUP_BEFORE","INTERACTIONS_","OWNER_MISSING","ENG_MISSING","CHANNEL_MISSING","FOLLOWUP_MISSING","EMAIL_MISSING","EMAIL_INVALID","PHONE_MISSING","PHONE_INVALID"},Clean_Data!S64)))>0,1,0)) -> 1 | AG64: =IF(Clean_Data!A64="","",IF(SUMPRODUCT(--ISNUMBER(SEARCH({"DATE_ORDER","DATE_FUTURE","FOLLOWUP_BEFORE"},Clean_Data!S64)))>0,1,0)) -> 0
A65: Not Recorded | B65: =COUNTIF(Clean_Data!$Q$2:$Q$200,A65) -> 0 | AA65: =IF(Clean_Data!A65="","",IFERROR(INDEX($D$7:$D$13,MATCH(Clean_Data!J65,$A$7:$A$13,0)),0)) -> 1 | AB65: =IF(Clean_Data!A65="","",IF(AND(AA65=1,Clean_Data!V65="Yes"),1,0)) -> 1 | AC65: =IF(Clean_Data!A65="","",IF(Clean_Data!W65="Yes",1,0)) -> 0 | AD65: =IF(AB65=1,Settings!$B$2-Clean_Data!N65+ROW()/100000,"") -> 30.00065 | AE65: =IF(AC65=1,Clean_Data!U65+ROW()/100000,"") | AF65: =IF(Clean_Data!A65="","",IF(SUMPRODUCT(--ISNUMBER(SEARCH({"STATUS_CONFLICT","NEAR_DUP_KEPT","ID_INFERRED","REGION_REVIEW","DATE_ORDER","DATE_FUTURE","FOLLOWUP_BEFORE","INTERACTIONS_","OWNER_MISSING","ENG_MISSING","CHANNEL_MISSING","FOLLOWUP_MISSING","EMAIL_MISSING","EMAIL_INVALID","PHONE_MISSING","PHONE_INVALID"},Clean_Data!S65)))>0,1,0)) -> 1 | AG65: =IF(Clean_Data!A65="","",IF(SUMPRODUCT(--ISNUMBER(SEARCH({"DATE_ORDER","DATE_FUTURE","FOLLOWUP_BEFORE"},Clean_Data!S65)))>0,1,0)) -> 0
AA66: =IF(Clean_Data!A66="","",IFERROR(INDEX($D$7:$D$13,MATCH(Clean_Data!J66,$A$7:$A$13,0)),0)) -> 1 | AB66: =IF(Clean_Data!A66="","",IF(AND(AA66=1,Clean_Data!V66="Yes"),1,0)) -> 0 | AC66: =IF(Clean_Data!A66="","",IF(Clean_Data!W66="Yes",1,0)) -> 0 | AD66: =IF(AB66=1,Settings!$B$2-Clean_Data!N66+ROW()/100000,"") | AE66: =IF(AC66=1,Clean_Data!U66+ROW()/100000,"") | AF66: =IF(Clean_Data!A66="","",IF(SUMPRODUCT(--ISNUMBER(SEARCH({"STATUS_CONFLICT","NEAR_DUP_KEPT","ID_INFERRED","REGION_REVIEW","DATE_ORDER","DATE_FUTURE","FOLLOWUP_BEFORE","INTERACTIONS_","OWNER_MISSING","ENG_MISSING","CHANNEL_MISSING","FOLLOWUP_MISSING","EMAIL_MISSING","EMAIL_INVALID","PHONE_MISSING","PHONE_INVALID"},Clean_Data!S66)))>0,1,0)) -> 1 | AG66: =IF(Clean_Data!A66="","",IF(SUMPRODUCT(--ISNUMBER(SEARCH({"DATE_ORDER","DATE_FUTURE","FOLLOWUP_BEFORE"},Clean_Data!S66)))>0,1,0)) -> 0
AA67: =IF(Clean_Data!A67="","",IFERROR(INDEX($D$7:$D$13,MATCH(Clean_Data!J67,$A$7:$A$13,0)),0)) -> 1 | AB67: =IF(Clean_Data!A67="","",IF(AND(AA67=1,Clean_Data!V67="Yes"),1,0)) -> 0 | AC67: =IF(Clean_Data!A67="","",IF(Clean_Data!W67="Yes",1,0)) -> 0 | AD67: =IF(AB67=1,Settings!$B$2-Clean_Data!N67+ROW()/100000,"") | AE67: =IF(AC67=1,Clean_Data!U67+ROW()/100000,"") | AF67: =IF(Clean_Data!A67="","",IF(SUMPRODUCT(--ISNUMBER(SEARCH({"STATUS_CONFLICT","NEAR_DUP_KEPT","ID_INFERRED","REGION_REVIEW","DATE_ORDER","DATE_FUTURE","FOLLOWUP_BEFORE","INTERACTIONS_","OWNER_MISSING","ENG_MISSING","CHANNEL_MISSING","FOLLOWUP_MISSING","EMAIL_MISSING","EMAIL_INVALID","PHONE_MISSING","PHONE_INVALID"},Clean_Data!S67)))>0,1,0)) -> 1 | AG67: =IF(Clean_Data!A67="","",IF(SUMPRODUCT(--ISNUMBER(SEARCH({"DATE_ORDER","DATE_FUTURE","FOLLOWUP_BEFORE"},Clean_Data!S67)))>0,1,0)) -> 0
